Well, Type, Sample, Gene, Ct, Quantity, Exclusion
0001, UNKN, 6hrs A3, Aco2, 17.96, , 
0002, UNKN, 6hrs A3, Aco2, 18.26, , 
0003, UNKN, 6hrs A3, Aco2, 18.29, , 
0004, UNKN, 24hrs A4, Aco2, 16.57, , 
0005, UNKN, 24hrs A4, Aco2, 16.80, , 
0006, UNKN, 24hrs A4, Aco2, 16.59, , 
0007, UNKN, 8 Days D4, Aco2, 17.08, , 
0008, UNKN, 8 Days D4, Aco2, 17.04, , 
0009, UNKN, 8 Days D4, Aco2, 17.13, , 
0010, UNKN, 8 Days B1, Aco2, 16.70, , 
0011, UNKN, 8 Days B1, Aco2, 16.66, , 
0012, UNKN, 8 Days B1, Aco2, 16.83, , 
0013, UNKN, 3 Days A1, Aco2, 16.80, , 
0014, UNKN, 3 Days A1, Aco2, 16.82, , 
0015, UNKN, 3 Days A1, Aco2, 16.49, , 
0016, UNKN, 24hrs B2, Aco2, 15.58, , 
0017, UNKN, 24hrs B2, Aco2, 15.72, , 
0018, UNKN, 24hrs B2, Aco2, 15.63, , 
0019, UNKN, 6hrs D2, Aco2, 14.88, , 
0020, UNKN, 6hrs D2, Aco2, 14.92, , 
0021, UNKN, 6hrs D2, Aco2, 14.93, , 
0022, UNKN, Water, Aco2, , , 1
0023, UNKN, Water, Aco2, , , 1
0024, UNKN, Water, Aco2, , , 1
0025, UNKN, 3 Days C3, Aco2, 16.84, , 
0026, UNKN, 3 Days C3, Aco2, 16.63, , 
0027, UNKN, 3 Days C3, Aco2, 16.86, , 
0028, UNKN, 8 Days C2, Aco2, 15.56, , 
0029, UNKN, 8 Days C2, Aco2, 15.58, , 
0030, UNKN, 8 Days C2, Aco2, 15.43, , 
0031, UNKN, 6hrs B4, Aco2, 16.81, , 
0032, UNKN, 6hrs B4, Aco2, 16.69, , 
0033, UNKN, 6hrs B4, Aco2, 16.75, , 
0034, UNKN, 6hrs C2, Aco2, 15.70, , 
0035, UNKN, 6hrs C2, Aco2, 15.75, , 
0036, UNKN, 6hrs C2, Aco2, 15.52, , 
0037, UNKN, 24hrs D1, Aco2, 17.77, , 
0038, UNKN, 24hrs D1, Aco2, 17.99, , 
0039, UNKN, 24hrs D1, Aco2, 17.92, , 
0040, UNKN, 24hrs C1, Aco2, 16.24, , 
0041, UNKN, 24hrs C1, Aco2, 16.25, , 
0042, UNKN, 24hrs C1, Aco2, 16.30, , 
0043, UNKN, 3 Days B4, Aco2, 15.49, , 
0044, UNKN, 3 Days B4, Aco2, 15.74, , 
0045, UNKN, 3 Days B4, Aco2, 15.71, , 
0046, UNKN, 3 Days D2, Aco2, 16.72, , 
0047, UNKN, 3 Days D2, Aco2, 16.63, , 
0048, UNKN, 3 Days D2, Aco2, 17.24, , 
0049, UNKN, 6hrs A3, Bach1, 29.19, , 
0050, UNKN, 6hrs A3, Bach1, 29.71, , 
0051, UNKN, 6hrs A3, Bach1, 28.83, , 
0052, UNKN, 24hrs A4, Bach1, 27.83, , 
0053, UNKN, 24hrs A4, Bach1, 27.97, , 
0054, UNKN, 24hrs A4, Bach1, 28.57, , 
0055, UNKN, 8 Days D4, Bach1, 28.72, , 
0056, UNKN, 8 Days D4, Bach1, 28.33, , 
0057, UNKN, 8 Days D4, Bach1, 28.41, , 
0058, UNKN, 8 Days B1, Bach1, 27.54, , 
0059, UNKN, 8 Days B1, Bach1, 27.91, , 
0060, UNKN, 8 Days B1, Bach1, 27.80, , 
0061, UNKN, 3 Days A1, Bach1, 28.42, , 
0062, UNKN, 3 Days A1, Bach1, 28.82, , 
0063, UNKN, 3 Days A1, Bach1, 28.25, , 
0064, UNKN, 24hrs B2, Bach1, 27.25, , 
0065, UNKN, 24hrs B2, Bach1, 27.41, , 
0066, UNKN, 24hrs B2, Bach1, 26.56, , 
0067, UNKN, 6hrs D2, Bach1, 25.97, , 
0068, UNKN, 6hrs D2, Bach1, 26.82, , 
0069, UNKN, 6hrs D2, Bach1, 26.71, , 
0070, UNKN, Water, Bach1, 37.33, , 
0071, UNKN, Water, Bach1, 31.41, , 
0072, UNKN, Water, Bach1, 24.64, , 
0073, UNKN, 3 Days C3, Bach1, 29.05, , 
0074, UNKN, 3 Days C3, Bach1, 27.88, , 
0075, UNKN, 3 Days C3, Bach1, 27.94, , 
0076, UNKN, 8 Days C2, Bach1, 28.85, , 
0077, UNKN, 8 Days C2, Bach1, 28.47, , 
0078, UNKN, 8 Days C2, Bach1, 28.43, , 
0079, UNKN, 6hrs B4, Bach1, 28.32, , 
0080, UNKN, 6hrs B4, Bach1, 28.27, , 
0081, UNKN, 6hrs B4, Bach1, 28.08, , 
0082, UNKN, 6hrs C2, Bach1, 27.18, , 
0083, UNKN, 6hrs C2, Bach1, 27.12, , 
0084, UNKN, 6hrs C2, Bach1, 27.31, , 
0085, UNKN, 24hrs D1, Bach1, 29.29, , 
0086, UNKN, 24hrs D1, Bach1, 30.76, , 
0087, UNKN, 24hrs D1, Bach1, 29.66, , 
0088, UNKN, 24hrs C1, Bach1, 28.19, , 
0089, UNKN, 24hrs C1, Bach1, 28.40, , 
0090, UNKN, 24hrs C1, Bach1, 28.54, , 
0091, UNKN, 3 Days B4, Bach1, 28.08, , 
0092, UNKN, 3 Days B4, Bach1, 27.47, , 
0093, UNKN, 3 Days B4, Bach1, 28.09, , 
0094, UNKN, 3 Days D2, Bach1, 28.72, , 
0095, UNKN, 3 Days D2, Bach1, 28.50, , 
0096, UNKN, 3 Days D2, Bach1, 29.73, , 
0097, UNKN, 6hrs A3, Bnip3, 17.27, , 
0098, UNKN, 6hrs A3, Bnip3, 17.45, , 
0099, UNKN, 6hrs A3, Bnip3, 17.50, , 
0100, UNKN, 24hrs A4, Bnip3, 15.90, , 
0101, UNKN, 24hrs A4, Bnip3, 15.89, , 
0102, UNKN, 24hrs A4, Bnip3, 15.93, , 
0103, UNKN, 8 Days D4, Bnip3, 16.15, , 
0104, UNKN, 8 Days D4, Bnip3, 16.03, , 
0105, UNKN, 8 Days D4, Bnip3, 16.16, , 
0106, UNKN, 8 Days B1, Bnip3, 16.17, , 
0107, UNKN, 8 Days B1, Bnip3, 16.09, , 
0108, UNKN, 8 Days B1, Bnip3, 16.16, , 
0109, UNKN, 3 Days A1, Bnip3, 15.38, , 
0110, UNKN, 3 Days A1, Bnip3, 15.37, , 
0111, UNKN, 3 Days A1, Bnip3, 15.47, , 
0112, UNKN, 24hrs B2, Bnip3, 14.53, , 
0113, UNKN, 24hrs B2, Bnip3, 14.58, , 
0114, UNKN, 24hrs B2, Bnip3, 14.67, , 
0115, UNKN, 6hrs D2, Bnip3, 14.05, , 
0116, UNKN, 6hrs D2, Bnip3, 14.16, , 
0117, UNKN, 6hrs D2, Bnip3, 14.18, , 
0118, UNKN, Water, Bnip3, , , 1
0119, UNKN, Water, Bnip3, , , 1
0120, UNKN, Water, Bnip3, , , 1
0121, UNKN, 3 Days C3, Bnip3, 16.01, , 
0122, UNKN, 3 Days C3, Bnip3, 16.00, , 
0123, UNKN, 3 Days C3, Bnip3, 16.00, , 
0124, UNKN, 8 Days C2, Bnip3, 14.78, , 
0125, UNKN, 8 Days C2, Bnip3, 14.81, , 
0126, UNKN, 8 Days C2, Bnip3, 14.77, , 
0127, UNKN, 6hrs B4, Bnip3, 15.97, , 
0128, UNKN, 6hrs B4, Bnip3, 16.06, , 
0129, UNKN, 6hrs B4, Bnip3, 16.03, , 
0130, UNKN, 6hrs C2, Bnip3, 14.97, , 
0131, UNKN, 6hrs C2, Bnip3, 15.05, , 
0132, UNKN, 6hrs C2, Bnip3, 14.96, , 
0133, UNKN, 24hrs D1, Bnip3, 16.74, , 
0134, UNKN, 24hrs D1, Bnip3, 16.76, , 
0135, UNKN, 24hrs D1, Bnip3, 16.78, , 
0136, UNKN, 24hrs C1, Bnip3, 15.24, , 
0137, UNKN, 24hrs C1, Bnip3, 15.37, , 
0138, UNKN, 24hrs C1, Bnip3, 15.32, , 
0139, UNKN, 3 Days B4, Bnip3, 14.84, , 
0140, UNKN, 3 Days B4, Bnip3, 14.87, , 
0141, UNKN, 3 Days B4, Bnip3, 14.95, , 
0142, UNKN, 3 Days D2, Bnip3, 15.72, , 
0143, UNKN, 3 Days D2, Bnip3, 15.82, , 
0144, UNKN, 3 Days D2, Bnip3, 15.77, , 
0145, UNKN, 6hrs A3, Bnip3I, 17.90, , 
0146, UNKN, 6hrs A3, Bnip3I, 17.98, , 
0147, UNKN, 6hrs A3, Bnip3I, 18.03, , 
0148, UNKN, 24hrs A4, Bnip3I, 16.12, , 
0149, UNKN, 24hrs A4, Bnip3I, 16.17, , 
0150, UNKN, 24hrs A4, Bnip3I, 16.14, , 
0151, UNKN, 8 Days D4, Bnip3I, 16.40, , 
0152, UNKN, 8 Days D4, Bnip3I, 16.42, , 
0153, UNKN, 8 Days D4, Bnip3I, 16.57, , 
0154, UNKN, 8 Days B1, Bnip3I, 16.35, , 
0155, UNKN, 8 Days B1, Bnip3I, 16.29, , 
0156, UNKN, 8 Days B1, Bnip3I, 16.35, , 
0157, UNKN, 3 Days A1, Bnip3I, 15.94, , 
0158, UNKN, 3 Days A1, Bnip3I, 16.20, , 
0159, UNKN, 3 Days A1, Bnip3I, 16.00, , 
0160, UNKN, 24hrs B2, Bnip3I, 15.19, , 
0161, UNKN, 24hrs B2, Bnip3I, 15.08, , 
0162, UNKN, 24hrs B2, Bnip3I, 15.02, , 
0163, UNKN, 6hrs D2, Bnip3I, 14.42, , 
0164, UNKN, 6hrs D2, Bnip3I, 14.55, , 
0165, UNKN, 6hrs D2, Bnip3I, 14.41, , 
0166, UNKN, Water, Bnip3I, , , 1
0167, UNKN, Water, Bnip3I, , , 1
0168, UNKN, Water, Bnip3I, , , 1
0169, UNKN, 3 Days C3, Bnip3I, 16.35, , 
0170, UNKN, 3 Days C3, Bnip3I, 16.31, , 
0171, UNKN, 3 Days C3, Bnip3I, 16.56, , 
0172, UNKN, 8 Days C2, Bnip3I, 15.16, , 
0173, UNKN, 8 Days C2, Bnip3I, 15.20, , 
0174, UNKN, 8 Days C2, Bnip3I, 14.96, , 
0175, UNKN, 6hrs B4, Bnip3I, 16.27, , 
0176, UNKN, 6hrs B4, Bnip3I, 16.28, , 
0177, UNKN, 6hrs B4, Bnip3I, 16.34, , 
0178, UNKN, 6hrs C2, Bnip3I, 15.20, , 
0179, UNKN, 6hrs C2, Bnip3I, 15.22, , 
0180, UNKN, 6hrs C2, Bnip3I, 15.31, , 
0181, UNKN, 24hrs D1, Bnip3I, 17.47, , 
0182, UNKN, 24hrs D1, Bnip3I, 17.44, , 
0183, UNKN, 24hrs D1, Bnip3I, 17.54, , 
0184, UNKN, 24hrs C1, Bnip3I, 15.45, , 
0185, UNKN, 24hrs C1, Bnip3I, 15.51, , 
0186, UNKN, 24hrs C1, Bnip3I, 15.51, , 
0187, UNKN, 3 Days B4, Bnip3I, 15.10, , 
0188, UNKN, 3 Days B4, Bnip3I, 15.13, , 
0189, UNKN, 3 Days B4, Bnip3I, 15.20, , 
0190, UNKN, 3 Days D2, Bnip3I, 16.30, , 
0191, UNKN, 3 Days D2, Bnip3I, 16.28, , 
0192, UNKN, 3 Days D2, Bnip3I, 16.61, , 
0193, UNKN, 6hrs A3, Car2, 16.99, , 
0194, UNKN, 6hrs A3, Car2, 17.01, , 
0195, UNKN, 6hrs A3, Car2, 17.06, , 
0196, UNKN, 24hrs A4, Car2, 15.05, , 
0197, UNKN, 24hrs A4, Car2, 14.96, , 
0198, UNKN, 24hrs A4, Car2, 15.00, , 
0199, UNKN, 8 Days D4, Car2, 15.12, , 
0200, UNKN, 8 Days D4, Car2, 15.00, , 
0201, UNKN, 8 Days D4, Car2, 15.18, , 
0202, UNKN, 8 Days B1, Car2, 14.84, , 
0203, UNKN, 8 Days B1, Car2, 14.86, , 
0204, UNKN, 8 Days B1, Car2, 14.85, , 
0205, UNKN, 3 Days A1, Car2, 14.62, , 
0206, UNKN, 3 Days A1, Car2, 14.72, , 
0207, UNKN, 3 Days A1, Car2, 14.75, , 
0208, UNKN, 24hrs B2, Car2, 13.64, , 
0209, UNKN, 24hrs B2, Car2, 13.93, , 
0210, UNKN, 24hrs B2, Car2, 13.93, , 
0211, UNKN, 6hrs D2, Car2, 13.59, , 
0212, UNKN, 6hrs D2, Car2, 13.74, , 
0213, UNKN, 6hrs D2, Car2, 13.74, , 
0214, UNKN, Water, Car2, 38.10, , 
0215, UNKN, Water, Car2, 23.00, , 
0216, UNKN, Water, Car2, 20.36, , 
0217, UNKN, 3 Days C3, Car2, 15.05, , 
0218, UNKN, 3 Days C3, Car2, 15.05, , 
0219, UNKN, 3 Days C3, Car2, 14.94, , 
0220, UNKN, 8 Days C2, Car2, 13.96, , 
0221, UNKN, 8 Days C2, Car2, 14.07, , 
0222, UNKN, 8 Days C2, Car2, 14.09, , 
0223, UNKN, 6hrs B4, Car2, 15.60, , 
0224, UNKN, 6hrs B4, Car2, 15.62, , 
0225, UNKN, 6hrs B4, Car2, 15.49, , 
0226, UNKN, 6hrs C2, Car2, 14.26, , 
0227, UNKN, 6hrs C2, Car2, 14.37, , 
0228, UNKN, 6hrs C2, Car2, 14.35, , 
0229, UNKN, 24hrs D1, Car2, 16.44, , 
0230, UNKN, 24hrs D1, Car2, 16.42, , 
0231, UNKN, 24hrs D1, Car2, 16.43, , 
0232, UNKN, 24hrs C1, Car2, 14.42, , 
0233, UNKN, 24hrs C1, Car2, 14.49, , 
0234, UNKN, 24hrs C1, Car2, 14.52, , 
0235, UNKN, 3 Days B4, Car2, 13.96, , 
0236, UNKN, 3 Days B4, Car2, 14.12, , 
0237, UNKN, 3 Days B4, Car2, 14.00, , 
0238, UNKN, 3 Days D2, Car2, 15.12, , 
0239, UNKN, 3 Days D2, Car2, 15.15, , 
0240, UNKN, 3 Days D2, Car2, 15.38, , 
0241, UNKN, 6hrs A3, Cat,  5.95, , 
0242, UNKN, 6hrs A3, Cat,  6.99, , 
0243, UNKN, 6hrs A3, Cat, , , 1
0244, UNKN, 24hrs A4, Cat,  9.13, , 
0245, UNKN, 24hrs A4, Cat, , , 1
0246, UNKN, 24hrs A4, Cat,  8.76, , 
0247, UNKN, 8 Days D4, Cat,  6.90, , 
0248, UNKN, 8 Days D4, Cat,  6.71, , 
0249, UNKN, 8 Days D4, Cat,  6.71, , 
0250, UNKN, 8 Days B1, Cat,  7.74, , 
0251, UNKN, 8 Days B1, Cat,  6.41, , 
0252, UNKN, 8 Days B1, Cat, , , 1
0253, UNKN, 3 Days A1, Cat, , , 1
0254, UNKN, 3 Days A1, Cat, , , 1
0255, UNKN, 3 Days A1, Cat, , , 1
0256, UNKN, 24hrs B2, Cat,  7.63, , 
0257, UNKN, 24hrs B2, Cat,  6.86, , 
0258, UNKN, 24hrs B2, Cat, , , 1
0259, UNKN, 6hrs D2, Cat,  8.84, , 
0260, UNKN, 6hrs D2, Cat,  7.40, , 
0261, UNKN, 6hrs D2, Cat, , , 1
0262, UNKN, Water, Cat, , , 1
0263, UNKN, Water, Cat,  3.39, , 
0264, UNKN, Water, Cat,  3.59, , 
0265, UNKN, 3 Days C3, Cat,  5.88, , 
0266, UNKN, 3 Days C3, Cat,  6.84, , 
0267, UNKN, 3 Days C3, Cat,  5.87, , 
0268, UNKN, 8 Days C2, Cat,  5.44, , 
0269, UNKN, 8 Days C2, Cat,  5.77, , 
0270, UNKN, 8 Days C2, Cat, , , 1
0271, UNKN, 6hrs B4, Cat,  6.69, , 
0272, UNKN, 6hrs B4, Cat, , , 1
0273, UNKN, 6hrs B4, Cat,  8.49, , 
0274, UNKN, 6hrs C2, Cat, , , 1
0275, UNKN, 6hrs C2, Cat, , , 1
0276, UNKN, 6hrs C2, Cat,  7.89, , 
0277, UNKN, 24hrs D1, Cat,  7.23, , 
0278, UNKN, 24hrs D1, Cat,  8.07, , 
0279, UNKN, 24hrs D1, Cat, , , 1
0280, UNKN, 24hrs C1, Cat, , , 1
0281, UNKN, 24hrs C1, Cat, , , 1
0282, UNKN, 24hrs C1, Cat, , , 1
0283, UNKN, 3 Days B4, Cat,  6.72, , 
0284, UNKN, 3 Days B4, Cat, , , 1
0285, UNKN, 3 Days B4, Cat, , , 1
0286, UNKN, 3 Days D2, Cat,  6.52, , 
0287, UNKN, 3 Days D2, Cat, , , 1
0288, UNKN, 3 Days D2, Cat,  8.86, , 
0289, UNKN, 6hrs A3, Cp, , , 1
0290, UNKN, 6hrs A3, Cp, , , 1
0291, UNKN, 6hrs A3, Cp, , , 1
0292, UNKN, 24hrs A4, Cp, , , 1
0293, UNKN, 24hrs A4, Cp, , , 1
0294, UNKN, 24hrs A4, Cp, , , 1
0295, UNKN, 8 Days D4, Cp, , , 1
0296, UNKN, 8 Days D4, Cp, , , 1
0297, UNKN, 8 Days D4, Cp, , , 1
0298, UNKN, 8 Days B1, Cp, , , 1
0299, UNKN, 8 Days B1, Cp, , , 1
0300, UNKN, 8 Days B1, Cp, , , 1
0301, UNKN, 3 Days A1, Cp, , , 1
0302, UNKN, 3 Days A1, Cp, , , 1
0303, UNKN, 3 Days A1, Cp, , , 1
0304, UNKN, 24hrs B2, Cp, , , 1
0305, UNKN, 24hrs B2, Cp, , , 1
0306, UNKN, 24hrs B2, Cp, , , 1
0307, UNKN, 6hrs D2, Cp, , , 1
0308, UNKN, 6hrs D2, Cp, , , 1
0309, UNKN, 6hrs D2, Cp, , , 1
0310, UNKN, Water, Cp, , , 1
0311, UNKN, Water, Cp, , , 1
0312, UNKN, Water, Cp, , , 1
0313, UNKN, 3 Days C3, Cp, , , 1
0314, UNKN, 3 Days C3, Cp, , , 1
0315, UNKN, 3 Days C3, Cp, , , 1
0316, UNKN, 8 Days C2, Cp, , , 1
0317, UNKN, 8 Days C2, Cp, , , 1
0318, UNKN, 8 Days C2, Cp, , , 1
0319, UNKN, 6hrs B4, Cp, , , 1
0320, UNKN, 6hrs B4, Cp, , , 1
0321, UNKN, 6hrs B4, Cp, , , 1
0322, UNKN, 6hrs C2, Cp, , , 1
0323, UNKN, 6hrs C2, Cp, , , 1
0324, UNKN, 6hrs C2, Cp, , , 1
0325, UNKN, 24hrs D1, Cp, , , 1
0326, UNKN, 24hrs D1, Cp, , , 1
0327, UNKN, 24hrs D1, Cp, , , 1
0328, UNKN, 24hrs C1, Cp, , , 1
0329, UNKN, 24hrs C1, Cp, , , 1
0330, UNKN, 24hrs C1, Cp, , , 1
0331, UNKN, 3 Days B4, Cp, , , 1
0332, UNKN, 3 Days B4, Cp, , , 1
0333, UNKN, 3 Days B4, Cp, , , 1
0334, UNKN, 3 Days D2, Cp, , , 1
0335, UNKN, 3 Days D2, Cp, , , 1
0336, UNKN, 3 Days D2, Cp, , , 1
0337, UNKN, 6hrs A3, Dppa5a, 25.08, , 
0338, UNKN, 6hrs A3, Dppa5a, 24.02, , 
0339, UNKN, 6hrs A3, Dppa5a, 25.11, , 
0340, UNKN, 24hrs A4, Dppa5a, 24.18, , 
0341, UNKN, 24hrs A4, Dppa5a, 25.17, , 
0342, UNKN, 24hrs A4, Dppa5a, 23.86, , 
0343, UNKN, 8 Days D4, Dppa5a, 24.68, , 
0344, UNKN, 8 Days D4, Dppa5a, 23.33, , 
0345, UNKN, 8 Days D4, Dppa5a, 24.77, , 
0346, UNKN, 8 Days B1, Dppa5a, 22.90, , 
0347, UNKN, 8 Days B1, Dppa5a, 22.86, , 
0348, UNKN, 8 Days B1, Dppa5a, 23.52, , 
0349, UNKN, 3 Days A1, Dppa5a, 23.34, , 
0350, UNKN, 3 Days A1, Dppa5a, 24.39, , 
0351, UNKN, 3 Days A1, Dppa5a, 23.82, , 
0352, UNKN, 24hrs B2, Dppa5a, 22.80, , 
0353, UNKN, 24hrs B2, Dppa5a, 23.32, , 
0354, UNKN, 24hrs B2, Dppa5a, 22.28, , 
0355, UNKN, 6hrs D2, Dppa5a, 24.01, , 
0356, UNKN, 6hrs D2, Dppa5a, 25.13, , 
0357, UNKN, 6hrs D2, Dppa5a, 23.75, , 
0358, UNKN, Water, Dppa5a, 38.49, , 
0359, UNKN, Water, Dppa5a, 27.85, , 
0360, UNKN, Water, Dppa5a, 24.64, , 
0361, UNKN, 3 Days C3, Dppa5a, 24.99, , 
0362, UNKN, 3 Days C3, Dppa5a, 24.50, , 
0363, UNKN, 3 Days C3, Dppa5a, 25.50, , 
0364, UNKN, 8 Days C2, Dppa5a, 24.54, , 
0365, UNKN, 8 Days C2, Dppa5a, 24.54, , 
0366, UNKN, 8 Days C2, Dppa5a, 23.62, , 
0367, UNKN, 6hrs B4, Dppa5a, 23.79, , 
0368, UNKN, 6hrs B4, Dppa5a, 23.74, , 
0369, UNKN, 6hrs B4, Dppa5a, 23.71, , 
0370, UNKN, 6hrs C2, Dppa5a, 24.45, , 
0371, UNKN, 6hrs C2, Dppa5a, 24.47, , 
0372, UNKN, 6hrs C2, Dppa5a, 23.53, , 
0373, UNKN, 24hrs D1, Dppa5a, 24.12, , 
0374, UNKN, 24hrs D1, Dppa5a, 23.99, , 
0375, UNKN, 24hrs D1, Dppa5a, 24.80, , 
0376, UNKN, 24hrs C1, Dppa5a, 23.89, , 
0377, UNKN, 24hrs C1, Dppa5a, 24.99, , 
0378, UNKN, 24hrs C1, Dppa5a, 24.90, , 
0379, UNKN, 3 Days B4, Dppa5a, 23.72, , 
0380, UNKN, 3 Days B4, Dppa5a, 23.98, , 
0381, UNKN, 3 Days B4, Dppa5a, 23.91, , 
0382, UNKN, 3 Days D2, Dppa5a, 23.45, , 
0383, UNKN, 3 Days D2, Dppa5a, 22.91, , 
0384, UNKN, 3 Days D2, Dppa5a, 23.65, , 
0385, UNKN, 6hrs A3, Egln1, 17.71, , 
0386, UNKN, 6hrs A3, Egln1, 17.70, , 
0387, UNKN, 6hrs A3, Egln1, 17.73, , 
0388, UNKN, 24hrs A4, Egln1, 16.80, , 
0389, UNKN, 24hrs A4, Egln1, 16.80, , 
0390, UNKN, 24hrs A4, Egln1, 16.86, , 
0391, UNKN, 8 Days D4, Egln1, 16.67, , 
0392, UNKN, 8 Days D4, Egln1, 16.68, , 
0393, UNKN, 8 Days D4, Egln1, 16.72, , 
0394, UNKN, 8 Days B1, Egln1, 16.68, , 
0395, UNKN, 8 Days B1, Egln1, 16.66, , 
0396, UNKN, 8 Days B1, Egln1, 16.68, , 
0397, UNKN, 3 Days A1, Egln1, 16.24, , 
0398, UNKN, 3 Days A1, Egln1, 16.38, , 
0399, UNKN, 3 Days A1, Egln1, 16.59, , 
0400, UNKN, 24hrs B2, Egln1, 16.36, , 
0401, UNKN, 24hrs B2, Egln1, 16.56, , 
0402, UNKN, 24hrs B2, Egln1, 16.91, , 
0403, UNKN, 6hrs D2, Egln1, 16.42, , 
0404, UNKN, 6hrs D2, Egln1, 16.37, , 
0405, UNKN, 6hrs D2, Egln1, 16.42, , 
0406, UNKN, Water, Egln1, , , 1
0407, UNKN, Water, Egln1, 22.91, , 
0408, UNKN, Water, Egln1, 21.31, , 
0409, UNKN, 3 Days C3, Egln1, 16.48, , 
0410, UNKN, 3 Days C3, Egln1, 16.43, , 
0411, UNKN, 3 Days C3, Egln1, 16.46, , 
0412, UNKN, 8 Days C2, Egln1, 16.36, , 
0413, UNKN, 8 Days C2, Egln1, 16.34, , 
0414, UNKN, 8 Days C2, Egln1, 16.49, , 
0415, UNKN, 6hrs B4, Egln1, 16.78, , 
0416, UNKN, 6hrs B4, Egln1, 17.14, , 
0417, UNKN, 6hrs B4, Egln1, 16.89, , 
0418, UNKN, 6hrs C2, Egln1, 16.60, , 
0419, UNKN, 6hrs C2, Egln1, 16.60, , 
0420, UNKN, 6hrs C2, Egln1, 16.58, , 
0421, UNKN, 24hrs D1, Egln1, 17.18, , 
0422, UNKN, 24hrs D1, Egln1, 17.25, , 
0423, UNKN, 24hrs D1, Egln1, 17.29, , 
0424, UNKN, 24hrs C1, Egln1, 16.64, , 
0425, UNKN, 24hrs C1, Egln1, 16.67, , 
0426, UNKN, 24hrs C1, Egln1, 16.68, , 
0427, UNKN, 3 Days B4, Egln1, 16.81, , 
0428, UNKN, 3 Days B4, Egln1, 17.14, , 
0429, UNKN, 3 Days B4, Egln1, 17.04, , 
0430, UNKN, 3 Days D2, Egln1, 17.03, , 
0431, UNKN, 3 Days D2, Egln1, 17.13, , 
0432, UNKN, 3 Days D2, Egln1, 16.89, , 
0433, UNKN, 6hrs A3, Egln2, 20.24, , 
0434, UNKN, 6hrs A3, Egln2, 20.34, , 
0435, UNKN, 6hrs A3, Egln2, 19.91, , 
0436, UNKN, 24hrs A4, Egln2, 18.93, , 
0437, UNKN, 24hrs A4, Egln2, 18.91, , 
0438, UNKN, 24hrs A4, Egln2, 19.02, , 
0439, UNKN, 8 Days D4, Egln2, 19.17, , 
0440, UNKN, 8 Days D4, Egln2, 19.18, , 
0441, UNKN, 8 Days D4, Egln2, 19.56, , 
0442, UNKN, 8 Days B1, Egln2, 19.10, , 
0443, UNKN, 8 Days B1, Egln2, 19.27, , 
0444, UNKN, 8 Days B1, Egln2, 19.47, , 
0445, UNKN, 3 Days A1, Egln2, 18.54, , 
0446, UNKN, 3 Days A1, Egln2, 18.69, , 
0447, UNKN, 3 Days A1, Egln2, 18.84, , 
0448, UNKN, 24hrs B2, Egln2, 17.15, , 
0449, UNKN, 24hrs B2, Egln2, 17.50, , 
0450, UNKN, 24hrs B2, Egln2, 18.14, , 
0451, UNKN, 6hrs D2, Egln2, 17.13, , 
0452, UNKN, 6hrs D2, Egln2, 17.21, , 
0453, UNKN, 6hrs D2, Egln2, 17.39, , 
0454, UNKN, Water, Egln2, 35.69, , 
0455, UNKN, Water, Egln2, 12.63, , 
0456, UNKN, Water, Egln2, 11.19, , 
0457, UNKN, 3 Days C3, Egln2, 18.54, , 
0458, UNKN, 3 Days C3, Egln2, 18.53, , 
0459, UNKN, 3 Days C3, Egln2, 18.21, , 
0460, UNKN, 8 Days C2, Egln2, 17.49, , 
0461, UNKN, 8 Days C2, Egln2, 17.60, , 
0462, UNKN, 8 Days C2, Egln2, 17.85, , 
0463, UNKN, 6hrs B4, Egln2, 19.08, , 
0464, UNKN, 6hrs B4, Egln2, 18.97, , 
0465, UNKN, 6hrs B4, Egln2, 19.20, , 
0466, UNKN, 6hrs C2, Egln2, 17.98, , 
0467, UNKN, 6hrs C2, Egln2, 18.07, , 
0468, UNKN, 6hrs C2, Egln2, 18.19, , 
0469, UNKN, 24hrs D1, Egln2, 19.81, , 
0470, UNKN, 24hrs D1, Egln2, 20.19, , 
0471, UNKN, 24hrs D1, Egln2, 19.94, , 
0472, UNKN, 24hrs C1, Egln2, 18.81, , 
0473, UNKN, 24hrs C1, Egln2, 18.92, , 
0474, UNKN, 24hrs C1, Egln2, 18.72, , 
0475, UNKN, 3 Days B4, Egln2, 18.03, , 
0476, UNKN, 3 Days B4, Egln2, 18.43, , 
0477, UNKN, 3 Days B4, Egln2, 18.48, , 
0478, UNKN, 3 Days D2, Egln2, 19.18, , 
0479, UNKN, 3 Days D2, Egln2, 18.93, , 
0480, UNKN, 3 Days D2, Egln2, 18.54, , 
0481, UNKN, 6hrs A3, Egln3, 21.01, , 
0482, UNKN, 6hrs A3, Egln3, 21.00, , 
0483, UNKN, 6hrs A3, Egln3, 20.88, , 
0484, UNKN, 24hrs A4, Egln3, 18.95, , 
0485, UNKN, 24hrs A4, Egln3, 18.61, , 
0486, UNKN, 24hrs A4, Egln3, 18.72, , 
0487, UNKN, 8 Days D4, Egln3, 19.41, , 
0488, UNKN, 8 Days D4, Egln3, 19.36, , 
0489, UNKN, 8 Days D4, Egln3, 19.34, , 
0490, UNKN, 8 Days B1, Egln3, 19.26, , 
0491, UNKN, 8 Days B1, Egln3, 19.50, , 
0492, UNKN, 8 Days B1, Egln3, 19.47, , 
0493, UNKN, 3 Days A1, Egln3, 18.97, , 
0494, UNKN, 3 Days A1, Egln3, 19.10, , 
0495, UNKN, 3 Days A1, Egln3, 19.06, , 
0496, UNKN, 24hrs B2, Egln3, 17.90, , 
0497, UNKN, 24hrs B2, Egln3, 17.97, , 
0498, UNKN, 24hrs B2, Egln3, 18.30, , 
0499, UNKN, 6hrs D2, Egln3, 17.66, , 
0500, UNKN, 6hrs D2, Egln3, 17.91, , 
0501, UNKN, 6hrs D2, Egln3, 17.86, , 
0502, UNKN, Water, Egln3, , , 1
0503, UNKN, Water, Egln3, , , 1
0504, UNKN, Water, Egln3, , , 1
0505, UNKN, 3 Days C3, Egln3, 19.78, , 
0506, UNKN, 3 Days C3, Egln3, 19.89, , 
0507, UNKN, 3 Days C3, Egln3, 19.59, , 
0508, UNKN, 8 Days C2, Egln3, 18.27, , 
0509, UNKN, 8 Days C2, Egln3, 18.21, , 
0510, UNKN, 8 Days C2, Egln3, 18.00, , 
0511, UNKN, 6hrs B4, Egln3, 19.83, , 
0512, UNKN, 6hrs B4, Egln3, 19.99, , 
0513, UNKN, 6hrs B4, Egln3, 19.69, , 
0514, UNKN, 6hrs C2, Egln3, 18.60, , 
0515, UNKN, 6hrs C2, Egln3, 18.50, , 
0516, UNKN, 6hrs C2, Egln3, 18.67, , 
0517, UNKN, 24hrs D1, Egln3, 20.89, , 
0518, UNKN, 24hrs D1, Egln3, 21.01, , 
0519, UNKN, 24hrs D1, Egln3, 20.91, , 
0520, UNKN, 24hrs C1, Egln3, 19.21, , 
0521, UNKN, 24hrs C1, Egln3, 19.35, , 
0522, UNKN, 24hrs C1, Egln3, 19.56, , 
0523, UNKN, 3 Days B4, Egln3, 18.52, , 
0524, UNKN, 3 Days B4, Egln3, 18.70, , 
0525, UNKN, 3 Days B4, Egln3, 18.48, , 
0526, UNKN, 3 Days D2, Egln3, 18.88, , 
0527, UNKN, 3 Days D2, Egln3, 19.03, , 
0528, UNKN, 3 Days D2, Egln3, 18.80, , 
0529, UNKN, 6hrs A3, Ep300, 18.75, , 
0530, UNKN, 6hrs A3, Ep300, 19.17, , 
0531, UNKN, 6hrs A3, Ep300, 18.77, , 
0532, UNKN, 24hrs A4, Ep300, 18.53, , 
0533, UNKN, 24hrs A4, Ep300, 17.97, , 
0534, UNKN, 24hrs A4, Ep300, 18.37, , 
0535, UNKN, 8 Days D4, Ep300, 17.80, , 
0536, UNKN, 8 Days D4, Ep300, 17.82, , 
0537, UNKN, 8 Days D4, Ep300, 17.76, , 
0538, UNKN, 8 Days B1, Ep300, 17.73, , 
0539, UNKN, 8 Days B1, Ep300, 18.06, , 
0540, UNKN, 8 Days B1, Ep300, 18.25, , 
0541, UNKN, 3 Days A1, Ep300, 17.43, , 
0542, UNKN, 3 Days A1, Ep300, 17.77, , 
0543, UNKN, 3 Days A1, Ep300, 17.76, , 
0544, UNKN, 24hrs B2, Ep300, 15.92, , 
0545, UNKN, 24hrs B2, Ep300, 16.07, , 
0546, UNKN, 24hrs B2, Ep300, 16.31, , 
0547, UNKN, 6hrs D2, Ep300, 15.91, , 
0548, UNKN, 6hrs D2, Ep300, 16.17, , 
0549, UNKN, 6hrs D2, Ep300, 16.31, , 
0550, UNKN, Water, Ep300, , , 1
0551, UNKN, Water, Ep300, 10.20, , 
0552, UNKN, Water, Ep300,  8.67, , 
0553, UNKN, 3 Days C3, Ep300, 18.06, , 
0554, UNKN, 3 Days C3, Ep300, 17.95, , 
0555, UNKN, 3 Days C3, Ep300, 17.81, , 
0556, UNKN, 8 Days C2, Ep300, 16.45, , 
0557, UNKN, 8 Days C2, Ep300, 16.98, , 
0558, UNKN, 8 Days C2, Ep300, 16.86, , 
0559, UNKN, 6hrs B4, Ep300, 17.91, , 
0560, UNKN, 6hrs B4, Ep300, 17.92, , 
0561, UNKN, 6hrs B4, Ep300, 17.73, , 
0562, UNKN, 6hrs C2, Ep300, 16.66, , 
0563, UNKN, 6hrs C2, Ep300, 16.83, , 
0564, UNKN, 6hrs C2, Ep300, 16.83, , 
0565, UNKN, 24hrs D1, Ep300, 18.71, , 
0566, UNKN, 24hrs D1, Ep300, 18.74, , 
0567, UNKN, 24hrs D1, Ep300, 18.44, , 
0568, UNKN, 24hrs C1, Ep300, 17.40, , 
0569, UNKN, 24hrs C1, Ep300, 17.13, , 
0570, UNKN, 24hrs C1, Ep300, 17.20, , 
0571, UNKN, 3 Days B4, Ep300, 16.92, , 
0572, UNKN, 3 Days B4, Ep300, 17.16, , 
0573, UNKN, 3 Days B4, Ep300, 16.67, , 
0574, UNKN, 3 Days D2, Ep300, 17.83, , 
0575, UNKN, 3 Days D2, Ep300, 17.77, , 
0576, UNKN, 3 Days D2, Ep300, 18.04, , 
0577, UNKN, 6hrs A3, Epas1, 17.27, , 
0578, UNKN, 6hrs A3, Epas1, 17.00, , 
0579, UNKN, 6hrs A3, Epas1, 17.39, , 
0580, UNKN, 24hrs A4, Epas1, 15.23, , 
0581, UNKN, 24hrs A4, Epas1, 15.12, , 
0582, UNKN, 24hrs A4, Epas1, 15.36, , 
0583, UNKN, 8 Days D4, Epas1, 15.69, , 
0584, UNKN, 8 Days D4, Epas1, 15.64, , 
0585, UNKN, 8 Days D4, Epas1, 15.79, , 
0586, UNKN, 8 Days B1, Epas1, 15.55, , 
0587, UNKN, 8 Days B1, Epas1, 15.80, , 
0588, UNKN, 8 Days B1, Epas1, 15.91, , 
0589, UNKN, 3 Days A1, Epas1, 15.39, , 
0590, UNKN, 3 Days A1, Epas1, 15.52, , 
0591, UNKN, 3 Days A1, Epas1, 15.45, , 
0592, UNKN, 24hrs B2, Epas1, 13.90, , 
0593, UNKN, 24hrs B2, Epas1, 13.95, , 
0594, UNKN, 24hrs B2, Epas1, 14.20, , 
0595, UNKN, 6hrs D2, Epas1, 13.14, , 
0596, UNKN, 6hrs D2, Epas1, 13.41, , 
0597, UNKN, 6hrs D2, Epas1, 13.32, , 
0598, UNKN, Water, Epas1, , , 1
0599, UNKN, Water, Epas1, 20.14, , 
0600, UNKN, Water, Epas1, 18.62, , 
0601, UNKN, 3 Days C3, Epas1, 15.91, , 
0602, UNKN, 3 Days C3, Epas1, 15.81, , 
0603, UNKN, 3 Days C3, Epas1, 15.72, , 
0604, UNKN, 8 Days C2, Epas1, 14.30, , 
0605, UNKN, 8 Days C2, Epas1, 14.28, , 
0606, UNKN, 8 Days C2, Epas1, 14.35, , 
0607, UNKN, 6hrs B4, Epas1, 15.58, , 
0608, UNKN, 6hrs B4, Epas1, 15.58, , 
0609, UNKN, 6hrs B4, Epas1, 15.67, , 
0610, UNKN, 6hrs C2, Epas1, 14.43, , 
0611, UNKN, 6hrs C2, Epas1, 14.45, , 
0612, UNKN, 6hrs C2, Epas1, 14.39, , 
0613, UNKN, 24hrs D1, Epas1, 16.73, , 
0614, UNKN, 24hrs D1, Epas1, 16.79, , 
0615, UNKN, 24hrs D1, Epas1, 16.78, , 
0616, UNKN, 24hrs C1, Epas1, 15.08, , 
0617, UNKN, 24hrs C1, Epas1, 15.26, , 
0618, UNKN, 24hrs C1, Epas1, 15.05, , 
0619, UNKN, 3 Days B4, Epas1, 14.17, , 
0620, UNKN, 3 Days B4, Epas1, 14.40, , 
0621, UNKN, 3 Days B4, Epas1, 14.29, , 
0622, UNKN, 3 Days D2, Epas1, 15.24, , 
0623, UNKN, 3 Days D2, Epas1, 15.44, , 
0624, UNKN, 3 Days D2, Epas1, 15.56, , 
0625, UNKN, 6hrs A3, Epo, , , 1
0626, UNKN, 6hrs A3, Epo, , , 1
0627, UNKN, 6hrs A3, Epo, , , 1
0628, UNKN, 24hrs A4, Epo, , , 1
0629, UNKN, 24hrs A4, Epo, , , 1
0630, UNKN, 24hrs A4, Epo, , , 1
0631, UNKN, 8 Days D4, Epo, , , 1
0632, UNKN, 8 Days D4, Epo, , , 1
0633, UNKN, 8 Days D4, Epo, , , 1
0634, UNKN, 8 Days B1, Epo, , , 1
0635, UNKN, 8 Days B1, Epo, , , 1
0636, UNKN, 8 Days B1, Epo, , , 1
0637, UNKN, 3 Days A1, Epo, , , 1
0638, UNKN, 3 Days A1, Epo, , , 1
0639, UNKN, 3 Days A1, Epo, , , 1
0640, UNKN, 24hrs B2, Epo, , , 1
0641, UNKN, 24hrs B2, Epo, , , 1
0642, UNKN, 24hrs B2, Epo, , , 1
0643, UNKN, 6hrs D2, Epo, , , 1
0644, UNKN, 6hrs D2, Epo, , , 1
0645, UNKN, 6hrs D2, Epo, , , 1
0646, UNKN, Water, Epo, , , 1
0647, UNKN, Water, Epo, , , 1
0648, UNKN, Water, Epo, , , 1
0649, UNKN, 3 Days C3, Epo, , , 1
0650, UNKN, 3 Days C3, Epo, , , 1
0651, UNKN, 3 Days C3, Epo, , , 1
0652, UNKN, 8 Days C2, Epo, , , 1
0653, UNKN, 8 Days C2, Epo, , , 1
0654, UNKN, 8 Days C2, Epo, , , 1
0655, UNKN, 6hrs B4, Epo, , , 1
0656, UNKN, 6hrs B4, Epo, , , 1
0657, UNKN, 6hrs B4, Epo, , , 1
0658, UNKN, 6hrs C2, Epo, , , 1
0659, UNKN, 6hrs C2, Epo, , , 1
0660, UNKN, 6hrs C2, Epo, , , 1
0661, UNKN, 24hrs D1, Epo, , , 1
0662, UNKN, 24hrs D1, Epo, , , 1
0663, UNKN, 24hrs D1, Epo, , , 1
0664, UNKN, 24hrs C1, Epo, , , 1
0665, UNKN, 24hrs C1, Epo, , , 1
0666, UNKN, 24hrs C1, Epo, , , 1
0667, UNKN, 3 Days B4, Epo, , , 1
0668, UNKN, 3 Days B4, Epo, , , 1
0669, UNKN, 3 Days B4, Epo, , , 1
0670, UNKN, 3 Days D2, Epo, , , 1
0671, UNKN, 3 Days D2, Epo, , , 1
0672, UNKN, 3 Days D2, Epo, , , 1
0673, UNKN, 6hrs A3, Fth1, 10.85, , 
0674, UNKN, 6hrs A3, Fth1, 10.85, , 
0675, UNKN, 6hrs A3, Fth1, 10.98, , 
0676, UNKN, 24hrs A4, Fth1,  9.62, , 
0677, UNKN, 24hrs A4, Fth1,  9.70, , 
0678, UNKN, 24hrs A4, Fth1,  9.38, , 
0679, UNKN, 8 Days D4, Fth1,  9.79, , 
0680, UNKN, 8 Days D4, Fth1,  9.84, , 
0681, UNKN, 8 Days D4, Fth1,  9.89, , 
0682, UNKN, 8 Days B1, Fth1,  9.63, , 
0683, UNKN, 8 Days B1, Fth1,  9.64, , 
0684, UNKN, 8 Days B1, Fth1,  9.70, , 
0685, UNKN, 3 Days A1, Fth1,  9.38, , 
0686, UNKN, 3 Days A1, Fth1,  9.36, , 
0687, UNKN, 3 Days A1, Fth1,  9.40, , 
0688, UNKN, 24hrs B2, Fth1,  9.08, , 
0689, UNKN, 24hrs B2, Fth1,  9.12, , 
0690, UNKN, 24hrs B2, Fth1,  9.21, , 
0691, UNKN, 6hrs D2, Fth1,  8.22, , 
0692, UNKN, 6hrs D2, Fth1,  8.23, , 
0693, UNKN, 6hrs D2, Fth1,  8.22, , 
0694, UNKN, Water, Fth1, , , 1
0695, UNKN, Water, Fth1, , , 1
0696, UNKN, Water, Fth1, 33.85, , 
0697, UNKN, 3 Days C3, Fth1,  9.42, , 
0698, UNKN, 3 Days C3, Fth1,  9.40, , 
0699, UNKN, 3 Days C3, Fth1,  9.41, , 
0700, UNKN, 8 Days C2, Fth1,  8.96, , 
0701, UNKN, 8 Days C2, Fth1,  9.12, , 
0702, UNKN, 8 Days C2, Fth1,  9.03, , 
0703, UNKN, 6hrs B4, Fth1,  9.62, , 
0704, UNKN, 6hrs B4, Fth1,  9.55, , 
0705, UNKN, 6hrs B4, Fth1,  9.63, , 
0706, UNKN, 6hrs C2, Fth1,  8.99, , 
0707, UNKN, 6hrs C2, Fth1,  9.06, , 
0708, UNKN, 6hrs C2, Fth1,  9.03, , 
0709, UNKN, 24hrs D1, Fth1, 10.70, , 
0710, UNKN, 24hrs D1, Fth1, 10.75, , 
0711, UNKN, 24hrs D1, Fth1, 10.77, , 
0712, UNKN, 24hrs C1, Fth1,  8.99, , 
0713, UNKN, 24hrs C1, Fth1,  9.03, , 
0714, UNKN, 24hrs C1, Fth1,  9.10, , 
0715, UNKN, 3 Days B4, Fth1,  9.25, , 
0716, UNKN, 3 Days B4, Fth1,  9.28, , 
0717, UNKN, 3 Days B4, Fth1,  9.29, , 
0718, UNKN, 3 Days D2, Fth1,  9.74, , 
0719, UNKN, 3 Days D2, Fth1,  9.82, , 
0720, UNKN, 3 Days D2, Fth1,  9.92, , 
0721, UNKN, 6hrs A3, Ftl1, 21.60, , 
0722, UNKN, 6hrs A3, Ftl1, 22.43, , 
0723, UNKN, 6hrs A3, Ftl1, 20.26, , 
0724, UNKN, 24hrs A4, Ftl1, 18.34, , 
0725, UNKN, 24hrs A4, Ftl1, 17.77, , 
0726, UNKN, 24hrs A4, Ftl1, 17.89, , 
0727, UNKN, 8 Days D4, Ftl1, 17.81, , 
0728, UNKN, 8 Days D4, Ftl1, 18.00, , 
0729, UNKN, 8 Days D4, Ftl1, 18.24, , 
0730, UNKN, 8 Days B1, Ftl1, 17.15, , 
0731, UNKN, 8 Days B1, Ftl1, 17.48, , 
0732, UNKN, 8 Days B1, Ftl1, 17.70, , 
0733, UNKN, 3 Days A1, Ftl1, 16.93, , 
0734, UNKN, 3 Days A1, Ftl1, 17.11, , 
0735, UNKN, 3 Days A1, Ftl1, 17.15, , 
0736, UNKN, 24hrs B2, Ftl1, 14.99, , 
0737, UNKN, 24hrs B2, Ftl1, 15.10, , 
0738, UNKN, 24hrs B2, Ftl1, 16.41, , 
0739, UNKN, 6hrs D2, Ftl1, 15.20, , 
0740, UNKN, 6hrs D2, Ftl1, 15.31, , 
0741, UNKN, 6hrs D2, Ftl1, 15.39, , 
0742, UNKN, Water, Ftl1, , , 1
0743, UNKN, Water, Ftl1,  8.91, , 
0744, UNKN, Water, Ftl1,  8.54, , 
0745, UNKN, 3 Days C3, Ftl1, 19.18, , 
0746, UNKN, 3 Days C3, Ftl1, 17.85, , 
0747, UNKN, 3 Days C3, Ftl1, 17.58, , 
0748, UNKN, 8 Days C2, Ftl1, 16.10, , 
0749, UNKN, 8 Days C2, Ftl1, 17.24, , 
0750, UNKN, 8 Days C2, Ftl1, 17.21, , 
0751, UNKN, 6hrs B4, Ftl1, 18.75, , 
0752, UNKN, 6hrs B4, Ftl1, 19.28, , 
0753, UNKN, 6hrs B4, Ftl1, 18.97, , 
0754, UNKN, 6hrs C2, Ftl1, 16.86, , 
0755, UNKN, 6hrs C2, Ftl1, 17.19, , 
0756, UNKN, 6hrs C2, Ftl1, 16.94, , 
0757, UNKN, 24hrs D1, Ftl1, 19.28, , 
0758, UNKN, 24hrs D1, Ftl1, 19.40, , 
0759, UNKN, 24hrs D1, Ftl1, 19.31, , 
0760, UNKN, 24hrs C1, Ftl1, 17.78, , 
0761, UNKN, 24hrs C1, Ftl1, 18.50, , 
0762, UNKN, 24hrs C1, Ftl1, 18.22, , 
0763, UNKN, 3 Days B4, Ftl1, 17.53, , 
0764, UNKN, 3 Days B4, Ftl1, 17.92, , 
0765, UNKN, 3 Days B4, Ftl1, 17.69, , 
0766, UNKN, 3 Days D2, Ftl1, 18.27, , 
0767, UNKN, 3 Days D2, Ftl1, 16.99, , 
0768, UNKN, 3 Days D2, Ftl1, 17.69, , 
0769, UNKN, 6hrs A3, Ftmt, 21.93, , 
0770, UNKN, 6hrs A3, Ftmt, 21.73, , 
0771, UNKN, 6hrs A3, Ftmt, 21.97, , 
0772, UNKN, 24hrs A4, Ftmt, 22.80, , 
0773, UNKN, 24hrs A4, Ftmt, 22.37, , 
0774, UNKN, 24hrs A4, Ftmt, 22.22, , 
0775, UNKN, 8 Days D4, Ftmt, 22.65, , 
0776, UNKN, 8 Days D4, Ftmt, 22.87, , 
0777, UNKN, 8 Days D4, Ftmt, 22.87, , 
0778, UNKN, 8 Days B1, Ftmt, 21.96, , 
0779, UNKN, 8 Days B1, Ftmt, 22.25, , 
0780, UNKN, 8 Days B1, Ftmt, 21.98, , 
0781, UNKN, 3 Days A1, Ftmt, 23.67, , 
0782, UNKN, 3 Days A1, Ftmt, 24.23, , 
0783, UNKN, 3 Days A1, Ftmt, 23.71, , 
0784, UNKN, 24hrs B2, Ftmt, 24.45, , 
0785, UNKN, 24hrs B2, Ftmt, 25.05, , 
0786, UNKN, 24hrs B2, Ftmt, 24.07, , 
0787, UNKN, 6hrs D2, Ftmt, 22.05, , 
0788, UNKN, 6hrs D2, Ftmt, 22.04, , 
0789, UNKN, 6hrs D2, Ftmt, 22.13, , 
0790, UNKN, Water, Ftmt, , , 1
0791, UNKN, Water, Ftmt, , , 1
0792, UNKN, Water, Ftmt, , , 1
0793, UNKN, 3 Days C3, Ftmt, 23.29, , 
0794, UNKN, 3 Days C3, Ftmt, 22.87, , 
0795, UNKN, 3 Days C3, Ftmt, 23.89, , 
0796, UNKN, 8 Days C2, Ftmt, 23.21, , 
0797, UNKN, 8 Days C2, Ftmt, 23.07, , 
0798, UNKN, 8 Days C2, Ftmt, 23.00, , 
0799, UNKN, 6hrs B4, Ftmt, 22.05, , 
0800, UNKN, 6hrs B4, Ftmt, 22.43, , 
0801, UNKN, 6hrs B4, Ftmt, 21.95, , 
0802, UNKN, 6hrs C2, Ftmt, 23.66, , 
0803, UNKN, 6hrs C2, Ftmt, 23.98, , 
0804, UNKN, 6hrs C2, Ftmt, 22.69, , 
0805, UNKN, 24hrs D1, Ftmt, 23.21, , 
0806, UNKN, 24hrs D1, Ftmt, 22.86, , 
0807, UNKN, 24hrs D1, Ftmt, 23.38, , 
0808, UNKN, 24hrs C1, Ftmt, 22.57, , 
0809, UNKN, 24hrs C1, Ftmt, 22.45, , 
0810, UNKN, 24hrs C1, Ftmt, 22.35, , 
0811, UNKN, 3 Days B4, Ftmt, 24.09, , 
0812, UNKN, 3 Days B4, Ftmt, 24.75, , 
0813, UNKN, 3 Days B4, Ftmt, 24.70, , 
0814, UNKN, 3 Days D2, Ftmt, 24.61, , 
0815, UNKN, 3 Days D2, Ftmt, 23.77, , 
0816, UNKN, 3 Days D2, Ftmt, 25.49, , 
0817, UNKN, 6hrs A3, Fxn, 19.01, , 
0818, UNKN, 6hrs A3, Fxn, 19.41, , 
0819, UNKN, 6hrs A3, Fxn, 19.27, , 
0820, UNKN, 24hrs A4, Fxn, 18.48, , 
0821, UNKN, 24hrs A4, Fxn, 18.59, , 
0822, UNKN, 24hrs A4, Fxn, 18.46, , 
0823, UNKN, 8 Days D4, Fxn, 18.85, , 
0824, UNKN, 8 Days D4, Fxn, 18.71, , 
0825, UNKN, 8 Days D4, Fxn, 18.86, , 
0826, UNKN, 8 Days B1, Fxn, 18.51, , 
0827, UNKN, 8 Days B1, Fxn, 18.33, , 
0828, UNKN, 8 Days B1, Fxn, 18.71, , 
0829, UNKN, 3 Days A1, Fxn, 18.35, , 
0830, UNKN, 3 Days A1, Fxn, 18.48, , 
0831, UNKN, 3 Days A1, Fxn, 18.25, , 
0832, UNKN, 24hrs B2, Fxn, 18.28, , 
0833, UNKN, 24hrs B2, Fxn, 18.37, , 
0834, UNKN, 24hrs B2, Fxn, 18.46, , 
0835, UNKN, 6hrs D2, Fxn, 18.37, , 
0836, UNKN, 6hrs D2, Fxn, 18.36, , 
0837, UNKN, 6hrs D2, Fxn, 18.23, , 
0838, UNKN, Water, Fxn, 33.26, , 
0839, UNKN, Water, Fxn, , , 1
0840, UNKN, Water, Fxn, , , 1
0841, UNKN, 3 Days C3, Fxn, 18.96, , 
0842, UNKN, 3 Days C3, Fxn, 18.80, , 
0843, UNKN, 3 Days C3, Fxn, 18.68, , 
0844, UNKN, 8 Days C2, Fxn, 18.33, , 
0845, UNKN, 8 Days C2, Fxn, 18.25, , 
0846, UNKN, 8 Days C2, Fxn, 18.26, , 
0847, UNKN, 6hrs B4, Fxn, 18.66, , 
0848, UNKN, 6hrs B4, Fxn, 18.61, , 
0849, UNKN, 6hrs B4, Fxn, 18.60, , 
0850, UNKN, 6hrs C2, Fxn, 18.23, , 
0851, UNKN, 6hrs C2, Fxn, 18.18, , 
0852, UNKN, 6hrs C2, Fxn, 18.17, , 
0853, UNKN, 24hrs D1, Fxn, 18.92, , 
0854, UNKN, 24hrs D1, Fxn, 19.23, , 
0855, UNKN, 24hrs D1, Fxn, 18.92, , 
0856, UNKN, 24hrs C1, Fxn, 18.56, , 
0857, UNKN, 24hrs C1, Fxn, 18.53, , 
0858, UNKN, 24hrs C1, Fxn, 18.41, , 
0859, UNKN, 3 Days B4, Fxn, 18.51, , 
0860, UNKN, 3 Days B4, Fxn, 18.63, , 
0861, UNKN, 3 Days B4, Fxn, 18.58, , 
0862, UNKN, 3 Days D2, Fxn, 18.75, , 
0863, UNKN, 3 Days D2, Fxn, 18.79, , 
0864, UNKN, 3 Days D2, Fxn, 18.76, , 
0865, UNKN, 6hrs A3, GPX1, , , 1
0866, UNKN, 6hrs A3, GPX1, , , 1
0867, UNKN, 6hrs A3, GPX1, , , 1
0868, UNKN, 24hrs A4, GPX1, , , 1
0869, UNKN, 24hrs A4, GPX1, , , 1
0870, UNKN, 24hrs A4, GPX1, , , 1
0871, UNKN, 8 Days D4, GPX1, , , 1
0872, UNKN, 8 Days D4, GPX1, , , 1
0873, UNKN, 8 Days D4, GPX1, , , 1
0874, UNKN, 8 Days B1, GPX1, , , 1
0875, UNKN, 8 Days B1, GPX1, , , 1
0876, UNKN, 8 Days B1, GPX1, , , 1
0877, UNKN, 3 Days A1, GPX1, , , 1
0878, UNKN, 3 Days A1, GPX1, , , 1
0879, UNKN, 3 Days A1, GPX1, , , 1
0880, UNKN, 24hrs B2, GPX1, , , 1
0881, UNKN, 24hrs B2, GPX1, , , 1
0882, UNKN, 24hrs B2, GPX1, , , 1
0883, UNKN, 6hrs D2, GPX1, , , 1
0884, UNKN, 6hrs D2, GPX1, , , 1
0885, UNKN, 6hrs D2, GPX1, , , 1
0886, UNKN, Water, GPX1, , , 1
0887, UNKN, Water, GPX1, , , 1
0888, UNKN, Water, GPX1, , , 1
0889, UNKN, 3 Days C3, GPX1, , , 1
0890, UNKN, 3 Days C3, GPX1, , , 1
0891, UNKN, 3 Days C3, GPX1, , , 1
0892, UNKN, 8 Days C2, GPX1, , , 1
0893, UNKN, 8 Days C2, GPX1, , , 1
0894, UNKN, 8 Days C2, GPX1, , , 1
0895, UNKN, 6hrs B4, GPX1, , , 1
0896, UNKN, 6hrs B4, GPX1, , , 1
0897, UNKN, 6hrs B4, GPX1, , , 1
0898, UNKN, 6hrs C2, GPX1, , , 1
0899, UNKN, 6hrs C2, GPX1, , , 1
0900, UNKN, 6hrs C2, GPX1, , , 1
0901, UNKN, 24hrs D1, GPX1, , , 1
0902, UNKN, 24hrs D1, GPX1, , , 1
0903, UNKN, 24hrs D1, GPX1, , , 1
0904, UNKN, 24hrs C1, GPX1, , , 1
0905, UNKN, 24hrs C1, GPX1, , , 1
0906, UNKN, 24hrs C1, GPX1, , , 1
0907, UNKN, 3 Days B4, GPX1, , , 1
0908, UNKN, 3 Days B4, GPX1, , , 1
0909, UNKN, 3 Days B4, GPX1, , , 1
0910, UNKN, 3 Days D2, GPX1, , , 1
0911, UNKN, 3 Days D2, GPX1, , , 1
0912, UNKN, 3 Days D2, GPX1, , , 1
0913, UNKN, 6hrs A3, H2afz_hk, 19.34, , 
0914, UNKN, 6hrs A3, H2afz_hk, 19.43, , 
0915, UNKN, 6hrs A3, H2afz_hk, 18.89, , 
0916, UNKN, 24hrs A4, H2afz_hk, 19.16, , 
0917, UNKN, 24hrs A4, H2afz_hk, 18.41, , 
0918, UNKN, 24hrs A4, H2afz_hk, 18.53, , 
0919, UNKN, 8 Days D4, H2afz_hk, 18.19, , 
0920, UNKN, 8 Days D4, H2afz_hk, 18.01, , 
0921, UNKN, 8 Days D4, H2afz_hk, 18.35, , 
0922, UNKN, 8 Days B1, H2afz_hk, 17.69, , 
0923, UNKN, 8 Days B1, H2afz_hk, 17.63, , 
0924, UNKN, 8 Days B1, H2afz_hk, 17.82, , 
0925, UNKN, 3 Days A1, H2afz_hk, 17.87, , 
0926, UNKN, 3 Days A1, H2afz_hk, 18.06, , 
0927, UNKN, 3 Days A1, H2afz_hk, 18.00, , 
0928, UNKN, 24hrs B2, H2afz_hk, 17.50, , 
0929, UNKN, 24hrs B2, H2afz_hk, 17.80, , 
0930, UNKN, 24hrs B2, H2afz_hk, 17.97, , 
0931, UNKN, 6hrs D2, H2afz_hk, 18.15, , 
0932, UNKN, 6hrs D2, H2afz_hk, 18.53, , 
0933, UNKN, 6hrs D2, H2afz_hk, 18.56, , 
0934, UNKN, Water, H2afz_hk, 30.81, , 
0935, UNKN, Water, H2afz_hk, 12.82, , 
0936, UNKN, Water, H2afz_hk, 10.91, , 
0937, UNKN, 3 Days C3, H2afz_hk, 17.80, , 
0938, UNKN, 3 Days C3, H2afz_hk, 17.70, , 
0939, UNKN, 3 Days C3, H2afz_hk, 17.63, , 
0940, UNKN, 8 Days C2, H2afz_hk, 18.17, , 
0941, UNKN, 8 Days C2, H2afz_hk, 18.47, , 
0942, UNKN, 8 Days C2, H2afz_hk, 18.80, , 
0943, UNKN, 6hrs B4, H2afz_hk, 18.64, , 
0944, UNKN, 6hrs B4, H2afz_hk, 18.47, , 
0945, UNKN, 6hrs B4, H2afz_hk, 18.32, , 
0946, UNKN, 6hrs C2, H2afz_hk, 17.90, , 
0947, UNKN, 6hrs C2, H2afz_hk, 18.12, , 
0948, UNKN, 6hrs C2, H2afz_hk, 18.06, , 
0949, UNKN, 24hrs D1, H2afz_hk, 19.58, , 
0950, UNKN, 24hrs D1, H2afz_hk, 19.61, , 
0951, UNKN, 24hrs D1, H2afz_hk, 19.40, , 
0952, UNKN, 24hrs C1, H2afz_hk, 18.25, , 
0953, UNKN, 24hrs C1, H2afz_hk, 18.45, , 
0954, UNKN, 24hrs C1, H2afz_hk, 18.50, , 
0955, UNKN, 3 Days B4, H2afz_hk, 19.12, , 
0956, UNKN, 3 Days B4, H2afz_hk, 19.25, , 
0957, UNKN, 3 Days B4, H2afz_hk, 19.35, , 
0958, UNKN, 3 Days D2, H2afz_hk, 18.55, , 
0959, UNKN, 3 Days D2, H2afz_hk, 18.38, , 
0960, UNKN, 3 Days D2, H2afz_hk, 19.15, , 
0961, UNKN, 6hrs A3, HK1, , , 1
0962, UNKN, 6hrs A3, HK1, , , 1
0963, UNKN, 6hrs A3, HK1, , , 1
0964, UNKN, 24hrs A4, HK1, 29.25, , 
0965, UNKN, 24hrs A4, HK1, 28.48, , 
0966, UNKN, 24hrs A4, HK1, 27.87, , 
0967, UNKN, 8 Days D4, HK1, , , 1
0968, UNKN, 8 Days D4, HK1, , , 1
0969, UNKN, 8 Days D4, HK1, , , 1
0970, UNKN, 8 Days B1, HK1, 29.84, , 
0971, UNKN, 8 Days B1, HK1, , , 1
0972, UNKN, 8 Days B1, HK1, 29.50, , 
0973, UNKN, 3 Days A1, HK1, , , 1
0974, UNKN, 3 Days A1, HK1, , , 1
0975, UNKN, 3 Days A1, HK1, , , 1
0976, UNKN, 24hrs B2, HK1, , , 1
0977, UNKN, 24hrs B2, HK1, , , 1
0978, UNKN, 24hrs B2, HK1, , , 1
0979, UNKN, 6hrs D2, HK1, 28.45, , 
0980, UNKN, 6hrs D2, HK1, , , 1
0981, UNKN, 6hrs D2, HK1, 29.98, , 
0982, UNKN, Water, HK1, , , 1
0983, UNKN, Water, HK1, 10.02, , 
0984, UNKN, Water, HK1,  9.20, , 
0985, UNKN, 3 Days C3, HK1, , , 1
0986, UNKN, 3 Days C3, HK1, , , 1
0987, UNKN, 3 Days C3, HK1, , , 1
0988, UNKN, 8 Days C2, HK1, 29.31, , 
0989, UNKN, 8 Days C2, HK1, 29.61, , 
0990, UNKN, 8 Days C2, HK1, 29.28, , 
0991, UNKN, 6hrs B4, HK1, , , 1
0992, UNKN, 6hrs B4, HK1, , , 1
0993, UNKN, 6hrs B4, HK1, , , 1
0994, UNKN, 6hrs C2, HK1, , , 1
0995, UNKN, 6hrs C2, HK1, , , 1
0996, UNKN, 6hrs C2, HK1, , , 1
0997, UNKN, 24hrs D1, HK1, , , 1
0998, UNKN, 24hrs D1, HK1, , , 1
0999, UNKN, 24hrs D1, HK1, , , 1
1000, UNKN, 24hrs C1, HK1, , , 1
1001, UNKN, 24hrs C1, HK1, , , 1
1002, UNKN, 24hrs C1, HK1, , , 1
1003, UNKN, 3 Days B4, HK1, 29.69, , 
1004, UNKN, 3 Days B4, HK1, , , 1
1005, UNKN, 3 Days B4, HK1, 30.45, , 
1006, UNKN, 3 Days D2, HK1, 28.89, , 
1007, UNKN, 3 Days D2, HK1, 29.57, , 
1008, UNKN, 3 Days D2, HK1, 29.73, , 
1009, UNKN, 6hrs A3, Hamp, 25.83, , 
1010, UNKN, 6hrs A3, Hamp, 27.69, , 
1011, UNKN, 6hrs A3, Hamp, , , 1
1012, UNKN, 24hrs A4, Hamp, , , 1
1013, UNKN, 24hrs A4, Hamp, , , 1
1014, UNKN, 24hrs A4, Hamp, , , 1
1015, UNKN, 8 Days D4, Hamp, , , 1
1016, UNKN, 8 Days D4, Hamp, , , 1
1017, UNKN, 8 Days D4, Hamp, , , 1
1018, UNKN, 8 Days B1, Hamp, , , 1
1019, UNKN, 8 Days B1, Hamp, 27.49, , 
1020, UNKN, 8 Days B1, Hamp, , , 1
1021, UNKN, 3 Days A1, Hamp, 26.11, , 
1022, UNKN, 3 Days A1, Hamp, 25.93, , 
1023, UNKN, 3 Days A1, Hamp, 26.45, , 
1024, UNKN, 24hrs B2, Hamp, 25.14, , 
1025, UNKN, 24hrs B2, Hamp, 25.23, , 
1026, UNKN, 24hrs B2, Hamp, 26.27, , 
1027, UNKN, 6hrs D2, Hamp, 26.86, , 
1028, UNKN, 6hrs D2, Hamp, 26.95, , 
1029, UNKN, 6hrs D2, Hamp, 28.37, , 
1030, UNKN, Water, Hamp, , , 1
1031, UNKN, Water, Hamp, , , 1
1032, UNKN, Water, Hamp, , , 1
1033, UNKN, 3 Days C3, Hamp, , , 1
1034, UNKN, 3 Days C3, Hamp, , , 1
1035, UNKN, 3 Days C3, Hamp, , , 1
1036, UNKN, 8 Days C2, Hamp, 26.16, , 
1037, UNKN, 8 Days C2, Hamp, , , 1
1038, UNKN, 8 Days C2, Hamp, , , 1
1039, UNKN, 6hrs B4, Hamp, , , 1
1040, UNKN, 6hrs B4, Hamp, , , 1
1041, UNKN, 6hrs B4, Hamp, , , 1
1042, UNKN, 6hrs C2, Hamp, 25.52, , 
1043, UNKN, 6hrs C2, Hamp, 23.74, , 
1044, UNKN, 6hrs C2, Hamp, 24.90, , 
1045, UNKN, 24hrs D1, Hamp, 27.73, , 
1046, UNKN, 24hrs D1, Hamp, 27.20, , 
1047, UNKN, 24hrs D1, Hamp, , , 1
1048, UNKN, 24hrs C1, Hamp, , , 1
1049, UNKN, 24hrs C1, Hamp, , , 1
1050, UNKN, 24hrs C1, Hamp, , , 1
1051, UNKN, 3 Days B4, Hamp, 26.04, , 
1052, UNKN, 3 Days B4, Hamp, 26.41, , 
1053, UNKN, 3 Days B4, Hamp, 25.64, , 
1054, UNKN, 3 Days D2, Hamp, 27.83, , 
1055, UNKN, 3 Days D2, Hamp, 28.22, , 
1056, UNKN, 3 Days D2, Hamp, , , 1
1057, UNKN, 6hrs A3, Hif1a, 18.38, , 
1058, UNKN, 6hrs A3, Hif1a, 18.38, , 
1059, UNKN, 6hrs A3, Hif1a, 18.39, , 
1060, UNKN, 24hrs A4, Hif1a, 16.95, , 
1061, UNKN, 24hrs A4, Hif1a, 17.07, , 
1062, UNKN, 24hrs A4, Hif1a, 17.11, , 
1063, UNKN, 8 Days D4, Hif1a, 17.24, , 
1064, UNKN, 8 Days D4, Hif1a, 17.21, , 
1065, UNKN, 8 Days D4, Hif1a, 17.42, , 
1066, UNKN, 8 Days B1, Hif1a, 17.03, , 
1067, UNKN, 8 Days B1, Hif1a, 17.13, , 
1068, UNKN, 8 Days B1, Hif1a, 17.16, , 
1069, UNKN, 3 Days A1, Hif1a, 16.87, , 
1070, UNKN, 3 Days A1, Hif1a, 17.02, , 
1071, UNKN, 3 Days A1, Hif1a, 16.89, , 
1072, UNKN, 24hrs B2, Hif1a, 15.62, , 
1073, UNKN, 24hrs B2, Hif1a, 15.79, , 
1074, UNKN, 24hrs B2, Hif1a, 15.85, , 
1075, UNKN, 6hrs D2, Hif1a, 15.92, , 
1076, UNKN, 6hrs D2, Hif1a, 15.90, , 
1077, UNKN, 6hrs D2, Hif1a, 16.02, , 
1078, UNKN, Water, Hif1a, , , 1
1079, UNKN, Water, Hif1a, , , 1
1080, UNKN, Water, Hif1a, , , 1
1081, UNKN, 3 Days C3, Hif1a, 17.34, , 
1082, UNKN, 3 Days C3, Hif1a, 17.27, , 
1083, UNKN, 3 Days C3, Hif1a, 17.25, , 
1084, UNKN, 8 Days C2, Hif1a, 16.15, , 
1085, UNKN, 8 Days C2, Hif1a, 16.20, , 
1086, UNKN, 8 Days C2, Hif1a, 16.15, , 
1087, UNKN, 6hrs B4, Hif1a, 17.06, , 
1088, UNKN, 6hrs B4, Hif1a, 17.07, , 
1089, UNKN, 6hrs B4, Hif1a, 17.03, , 
1090, UNKN, 6hrs C2, Hif1a, 15.92, , 
1091, UNKN, 6hrs C2, Hif1a, 16.00, , 
1092, UNKN, 6hrs C2, Hif1a, 15.90, , 
1093, UNKN, 24hrs D1, Hif1a, 18.38, , 
1094, UNKN, 24hrs D1, Hif1a, 18.38, , 
1095, UNKN, 24hrs D1, Hif1a, 18.35, , 
1096, UNKN, 24hrs C1, Hif1a, 16.64, , 
1097, UNKN, 24hrs C1, Hif1a, 16.83, , 
1098, UNKN, 24hrs C1, Hif1a, 16.70, , 
1099, UNKN, 3 Days B4, Hif1a, 16.23, , 
1100, UNKN, 3 Days B4, Hif1a, 16.28, , 
1101, UNKN, 3 Days B4, Hif1a, 16.26, , 
1102, UNKN, 3 Days D2, Hif1a, 17.14, , 
1103, UNKN, 3 Days D2, Hif1a, 16.93, , 
1104, UNKN, 3 Days D2, Hif1a, 17.25, , 
1105, UNKN, 6hrs A3, Hif3a, 24.43, , 
1106, UNKN, 6hrs A3, Hif3a, 24.54, , 
1107, UNKN, 6hrs A3, Hif3a, 24.04, , 
1108, UNKN, 24hrs A4, Hif3a, 23.56, , 
1109, UNKN, 24hrs A4, Hif3a, 23.49, , 
1110, UNKN, 24hrs A4, Hif3a, 24.06, , 
1111, UNKN, 8 Days D4, Hif3a, 23.85, , 
1112, UNKN, 8 Days D4, Hif3a, 23.73, , 
1113, UNKN, 8 Days D4, Hif3a, 23.93, , 
1114, UNKN, 8 Days B1, Hif3a, 23.70, , 
1115, UNKN, 8 Days B1, Hif3a, 23.95, , 
1116, UNKN, 8 Days B1, Hif3a, 24.09, , 
1117, UNKN, 3 Days A1, Hif3a, 22.83, , 
1118, UNKN, 3 Days A1, Hif3a, 23.52, , 
1119, UNKN, 3 Days A1, Hif3a, 23.00, , 
1120, UNKN, 24hrs B2, Hif3a, 22.20, , 
1121, UNKN, 24hrs B2, Hif3a, 22.68, , 
1122, UNKN, 24hrs B2, Hif3a, 23.21, , 
1123, UNKN, 6hrs D2, Hif3a, 19.44, , 
1124, UNKN, 6hrs D2, Hif3a, 19.52, , 
1125, UNKN, 6hrs D2, Hif3a, 19.24, , 
1126, UNKN, Water, Hif3a, , , 1
1127, UNKN, Water, Hif3a, 14.71, , 
1128, UNKN, Water, Hif3a, 15.63, , 
1129, UNKN, 3 Days C3, Hif3a, 22.96, , 
1130, UNKN, 3 Days C3, Hif3a, 22.38, , 
1131, UNKN, 3 Days C3, Hif3a, 21.93, , 
1132, UNKN, 8 Days C2, Hif3a, 21.41, , 
1133, UNKN, 8 Days C2, Hif3a, 21.79, , 
1134, UNKN, 8 Days C2, Hif3a, 22.48, , 
1135, UNKN, 6hrs B4, Hif3a, 20.68, , 
1136, UNKN, 6hrs B4, Hif3a, 20.93, , 
1137, UNKN, 6hrs B4, Hif3a, 21.12, , 
1138, UNKN, 6hrs C2, Hif3a, 20.97, , 
1139, UNKN, 6hrs C2, Hif3a, 21.61, , 
1140, UNKN, 6hrs C2, Hif3a, 21.96, , 
1141, UNKN, 24hrs D1, Hif3a, 24.28, , 
1142, UNKN, 24hrs D1, Hif3a, 23.69, , 
1143, UNKN, 24hrs D1, Hif3a, 23.85, , 
1144, UNKN, 24hrs C1, Hif3a, 22.43, , 
1145, UNKN, 24hrs C1, Hif3a, 23.07, , 
1146, UNKN, 24hrs C1, Hif3a, 22.82, , 
1147, UNKN, 3 Days B4, Hif3a, 23.34, , 
1148, UNKN, 3 Days B4, Hif3a, 23.41, , 
1149, UNKN, 3 Days B4, Hif3a, 23.56, , 
1150, UNKN, 3 Days D2, Hif3a, 22.78, , 
1151, UNKN, 3 Days D2, Hif3a, 23.21, , 
1152, UNKN, 3 Days D2, Hif3a, 23.34, , 
1153, UNKN, 6hrs A3, Hmox1, 24.20, , 
1154, UNKN, 6hrs A3, Hmox1, 24.26, , 
1155, UNKN, 6hrs A3, Hmox1, 24.78, , 
1156, UNKN, 24hrs A4, Hmox1, 22.62, , 
1157, UNKN, 24hrs A4, Hmox1, 22.49, , 
1158, UNKN, 24hrs A4, Hmox1, 22.29, , 
1159, UNKN, 8 Days D4, Hmox1, 22.98, , 
1160, UNKN, 8 Days D4, Hmox1, 22.92, , 
1161, UNKN, 8 Days D4, Hmox1, 23.04, , 
1162, UNKN, 8 Days B1, Hmox1, 22.86, , 
1163, UNKN, 8 Days B1, Hmox1, 22.66, , 
1164, UNKN, 8 Days B1, Hmox1, 22.95, , 
1165, UNKN, 3 Days A1, Hmox1, 22.63, , 
1166, UNKN, 3 Days A1, Hmox1, 22.52, , 
1167, UNKN, 3 Days A1, Hmox1, 22.62, , 
1168, UNKN, 24hrs B2, Hmox1, 21.43, , 
1169, UNKN, 24hrs B2, Hmox1, 21.27, , 
1170, UNKN, 24hrs B2, Hmox1, 21.07, , 
1171, UNKN, 6hrs D2, Hmox1, 20.50, , 
1172, UNKN, 6hrs D2, Hmox1, 20.56, , 
1173, UNKN, 6hrs D2, Hmox1, 20.20, , 
1174, UNKN, Water, Hmox1, , , 1
1175, UNKN, Water, Hmox1, 38.44, , 
1176, UNKN, Water, Hmox1, 31.64, , 
1177, UNKN, 3 Days C3, Hmox1, 22.72, , 
1178, UNKN, 3 Days C3, Hmox1, 23.10, , 
1179, UNKN, 3 Days C3, Hmox1, 23.31, , 
1180, UNKN, 8 Days C2, Hmox1, 21.71, , 
1181, UNKN, 8 Days C2, Hmox1, 21.74, , 
1182, UNKN, 8 Days C2, Hmox1, 21.88, , 
1183, UNKN, 6hrs B4, Hmox1, 23.02, , 
1184, UNKN, 6hrs B4, Hmox1, 23.56, , 
1185, UNKN, 6hrs B4, Hmox1, 22.95, , 
1186, UNKN, 6hrs C2, Hmox1, 22.02, , 
1187, UNKN, 6hrs C2, Hmox1, 22.17, , 
1188, UNKN, 6hrs C2, Hmox1, 22.42, , 
1189, UNKN, 24hrs D1, Hmox1, 23.75, , 
1190, UNKN, 24hrs D1, Hmox1, 23.59, , 
1191, UNKN, 24hrs D1, Hmox1, 23.79, , 
1192, UNKN, 24hrs C1, Hmox1, 23.00, , 
1193, UNKN, 24hrs C1, Hmox1, 22.92, , 
1194, UNKN, 24hrs C1, Hmox1, 23.39, , 
1195, UNKN, 3 Days B4, Hmox1, 22.12, , 
1196, UNKN, 3 Days B4, Hmox1, 22.12, , 
1197, UNKN, 3 Days B4, Hmox1, 22.35, , 
1198, UNKN, 3 Days D2, Hmox1, 22.34, , 
1199, UNKN, 3 Days D2, Hmox1, 22.29, , 
1200, UNKN, 3 Days D2, Hmox1, 22.34, , 
1201, UNKN, 6hrs A3, LCT, 26.05, , 
1202, UNKN, 6hrs A3, LCT, , , 1
1203, UNKN, 6hrs A3, LCT, , , 1
1204, UNKN, 24hrs A4, LCT, , , 1
1205, UNKN, 24hrs A4, LCT, , , 1
1206, UNKN, 24hrs A4, LCT, , , 1
1207, UNKN, 8 Days D4, LCT, 25.53, , 
1208, UNKN, 8 Days D4, LCT, 24.07, , 
1209, UNKN, 8 Days D4, LCT, 26.63, , 
1210, UNKN, 8 Days B1, LCT, 28.14, , 
1211, UNKN, 8 Days B1, LCT, 27.00, , 
1212, UNKN, 8 Days B1, LCT, 27.80, , 
1213, UNKN, 3 Days A1, LCT, , , 1
1214, UNKN, 3 Days A1, LCT, , , 1
1215, UNKN, 3 Days A1, LCT, , , 1
1216, UNKN, 24hrs B2, LCT, 27.23, , 
1217, UNKN, 24hrs B2, LCT, 27.55, , 
1218, UNKN, 24hrs B2, LCT, 27.50, , 
1219, UNKN, 6hrs D2, LCT, 27.70, , 
1220, UNKN, 6hrs D2, LCT, 28.05, , 
1221, UNKN, 6hrs D2, LCT, 25.64, , 
1222, UNKN, Water, LCT, 35.74, , 
1223, UNKN, Water, LCT, , , 1
1224, UNKN, Water, LCT, , , 1
1225, UNKN, 3 Days C3, LCT, , , 1
1226, UNKN, 3 Days C3, LCT, , , 1
1227, UNKN, 3 Days C3, LCT, , , 1
1228, UNKN, 8 Days C2, LCT, 28.03, , 
1229, UNKN, 8 Days C2, LCT, 28.13, , 
1230, UNKN, 8 Days C2, LCT, , , 1
1231, UNKN, 6hrs B4, LCT, , , 1
1232, UNKN, 6hrs B4, LCT, 25.92, , 
1233, UNKN, 6hrs B4, LCT, 27.95, , 
1234, UNKN, 6hrs C2, LCT, , , 1
1235, UNKN, 6hrs C2, LCT, , , 1
1236, UNKN, 6hrs C2, LCT, 27.62, , 
1237, UNKN, 24hrs D1, LCT, , , 1
1238, UNKN, 24hrs D1, LCT, , , 1
1239, UNKN, 24hrs D1, LCT, , , 1
1240, UNKN, 24hrs C1, LCT, 27.55, , 
1241, UNKN, 24hrs C1, LCT, 27.80, , 
1242, UNKN, 24hrs C1, LCT, 27.06, , 
1243, UNKN, 3 Days B4, LCT, , , 1
1244, UNKN, 3 Days B4, LCT, , , 1
1245, UNKN, 3 Days B4, LCT, , , 1
1246, UNKN, 3 Days D2, LCT, 27.49, , 
1247, UNKN, 3 Days D2, LCT, , , 1
1248, UNKN, 3 Days D2, LCT, 27.98, , 
1249, UNKN, 6hrs A3, Mt1, 20.33, , 
1250, UNKN, 6hrs A3, Mt1, 20.55, , 
1251, UNKN, 6hrs A3, Mt1, 20.46, , 
1252, UNKN, 24hrs A4, Mt1, 17.32, , 
1253, UNKN, 24hrs A4, Mt1, 17.40, , 
1254, UNKN, 24hrs A4, Mt1, 17.45, , 
1255, UNKN, 8 Days D4, Mt1, 17.95, , 
1256, UNKN, 8 Days D4, Mt1, 17.96, , 
1257, UNKN, 8 Days D4, Mt1, 18.05, , 
1258, UNKN, 8 Days B1, Mt1, 18.72, , 
1259, UNKN, 8 Days B1, Mt1, 18.77, , 
1260, UNKN, 8 Days B1, Mt1, 18.73, , 
1261, UNKN, 3 Days A1, Mt1, 17.33, , 
1262, UNKN, 3 Days A1, Mt1, 17.47, , 
1263, UNKN, 3 Days A1, Mt1, 17.47, , 
1264, UNKN, 24hrs B2, Mt1, 16.95, , 
1265, UNKN, 24hrs B2, Mt1, 17.02, , 
1266, UNKN, 24hrs B2, Mt1, 17.03, , 
1267, UNKN, 6hrs D2, Mt1, 15.43, , 
1268, UNKN, 6hrs D2, Mt1, 15.43, , 
1269, UNKN, 6hrs D2, Mt1, 15.47, , 
1270, UNKN, Water, Mt1, , , 1
1271, UNKN, Water, Mt1, , , 1
1272, UNKN, Water, Mt1, , , 1
1273, UNKN, 3 Days C3, Mt1, 17.89, , 
1274, UNKN, 3 Days C3, Mt1, 17.90, , 
1275, UNKN, 3 Days C3, Mt1, 17.93, , 
1276, UNKN, 8 Days C2, Mt1, 16.99, , 
1277, UNKN, 8 Days C2, Mt1, 16.95, , 
1278, UNKN, 8 Days C2, Mt1, 16.82, , 
1279, UNKN, 6hrs B4, Mt1, 17.99, , 
1280, UNKN, 6hrs B4, Mt1, 17.92, , 
1281, UNKN, 6hrs B4, Mt1, 18.14, , 
1282, UNKN, 6hrs C2, Mt1, 17.27, , 
1283, UNKN, 6hrs C2, Mt1, 17.34, , 
1284, UNKN, 6hrs C2, Mt1, 17.25, , 
1285, UNKN, 24hrs D1, Mt1, 18.69, , 
1286, UNKN, 24hrs D1, Mt1, 18.71, , 
1287, UNKN, 24hrs D1, Mt1, 18.79, , 
1288, UNKN, 24hrs C1, Mt1, 17.87, , 
1289, UNKN, 24hrs C1, Mt1, 17.90, , 
1290, UNKN, 24hrs C1, Mt1, 18.03, , 
1291, UNKN, 3 Days B4, Mt1, 17.56, , 
1292, UNKN, 3 Days B4, Mt1, 17.80, , 
1293, UNKN, 3 Days B4, Mt1, 17.91, , 
1294, UNKN, 3 Days D2, Mt1, 17.40, , 
1295, UNKN, 3 Days D2, Mt1, 17.57, , 
1296, UNKN, 3 Days D2, Mt1, 17.75, , 
1297, UNKN, 6hrs A3, Mt2, 14.75, , 
1298, UNKN, 6hrs A3, Mt2, 14.87, , 
1299, UNKN, 6hrs A3, Mt2, 14.80, , 
1300, UNKN, 24hrs A4, Mt2, 12.67, , 
1301, UNKN, 24hrs A4, Mt2, 12.69, , 
1302, UNKN, 24hrs A4, Mt2, 12.71, , 
1303, UNKN, 8 Days D4, Mt2, 13.37, , 
1304, UNKN, 8 Days D4, Mt2, 13.41, , 
1305, UNKN, 8 Days D4, Mt2, 13.48, , 
1306, UNKN, 8 Days B1, Mt2, 13.43, , 
1307, UNKN, 8 Days B1, Mt2, 13.51, , 
1308, UNKN, 8 Days B1, Mt2, 13.55, , 
1309, UNKN, 3 Days A1, Mt2, 12.74, , 
1310, UNKN, 3 Days A1, Mt2, 12.82, , 
1311, UNKN, 3 Days A1, Mt2, 12.76, , 
1312, UNKN, 24hrs B2, Mt2, 11.75, , 
1313, UNKN, 24hrs B2, Mt2, 11.84, , 
1314, UNKN, 24hrs B2, Mt2, 11.87, , 
1315, UNKN, 6hrs D2, Mt2, 10.17, , 
1316, UNKN, 6hrs D2, Mt2, 10.20, , 
1317, UNKN, 6hrs D2, Mt2, 10.21, , 
1318, UNKN, Water, Mt2, 38.09, , 
1319, UNKN, Water, Mt2, , , 1
1320, UNKN, Water, Mt2, , , 1
1321, UNKN, 3 Days C3, Mt2, 13.32, , 
1322, UNKN, 3 Days C3, Mt2, 13.22, , 
1323, UNKN, 3 Days C3, Mt2, 13.25, , 
1324, UNKN, 8 Days C2, Mt2, 12.54, , 
1325, UNKN, 8 Days C2, Mt2, 12.48, , 
1326, UNKN, 8 Days C2, Mt2, 12.52, , 
1327, UNKN, 6hrs B4, Mt2, 12.81, , 
1328, UNKN, 6hrs B4, Mt2, 12.77, , 
1329, UNKN, 6hrs B4, Mt2, 12.84, , 
1330, UNKN, 6hrs C2, Mt2, 12.20, , 
1331, UNKN, 6hrs C2, Mt2, 12.31, , 
1332, UNKN, 6hrs C2, Mt2, 12.26, , 
1333, UNKN, 24hrs D1, Mt2, 13.97, , 
1334, UNKN, 24hrs D1, Mt2, 14.07, , 
1335, UNKN, 24hrs D1, Mt2, 14.03, , 
1336, UNKN, 24hrs C1, Mt2, 12.71, , 
1337, UNKN, 24hrs C1, Mt2, 12.81, , 
1338, UNKN, 24hrs C1, Mt2, 12.75, , 
1339, UNKN, 3 Days B4, Mt2, 12.46, , 
1340, UNKN, 3 Days B4, Mt2, 12.56, , 
1341, UNKN, 3 Days B4, Mt2, 12.52, , 
1342, UNKN, 3 Days D2, Mt2, 12.64, , 
1343, UNKN, 3 Days D2, Mt2, 12.66, , 
1344, UNKN, 3 Days D2, Mt2, 12.86, , 
1345, UNKN, 6hrs A3, Mt3, 13.84, , 
1346, UNKN, 6hrs A3, Mt3, 14.04, , 
1347, UNKN, 6hrs A3, Mt3, 14.11, , 
1348, UNKN, 24hrs A4, Mt3, 12.38, , 
1349, UNKN, 24hrs A4, Mt3, 12.64, , 
1350, UNKN, 24hrs A4, Mt3, 12.71, , 
1351, UNKN, 8 Days D4, Mt3, 12.72, , 
1352, UNKN, 8 Days D4, Mt3, 12.64, , 
1353, UNKN, 8 Days D4, Mt3, 12.89, , 
1354, UNKN, 8 Days B1, Mt3, 12.15, , 
1355, UNKN, 8 Days B1, Mt3, 12.46, , 
1356, UNKN, 8 Days B1, Mt3, 12.54, , 
1357, UNKN, 3 Days A1, Mt3, 12.01, , 
1358, UNKN, 3 Days A1, Mt3, 12.20, , 
1359, UNKN, 3 Days A1, Mt3, 12.07, , 
1360, UNKN, 24hrs B2, Mt3, 11.52, , 
1361, UNKN, 24hrs B2, Mt3, 11.62, , 
1362, UNKN, 24hrs B2, Mt3, 11.78, , 
1363, UNKN, 6hrs D2, Mt3, 11.52, , 
1364, UNKN, 6hrs D2, Mt3, 11.50, , 
1365, UNKN, 6hrs D2, Mt3, 11.46, , 
1366, UNKN, Water, Mt3, , , 1
1367, UNKN, Water, Mt3, 16.35, , 
1368, UNKN, Water, Mt3, 16.76, , 
1369, UNKN, 3 Days C3, Mt3, 12.10, , 
1370, UNKN, 3 Days C3, Mt3, 12.02, , 
1371, UNKN, 3 Days C3, Mt3, 11.88, , 
1372, UNKN, 8 Days C2, Mt3, 11.55, , 
1373, UNKN, 8 Days C2, Mt3, 11.60, , 
1374, UNKN, 8 Days C2, Mt3, 11.78, , 
1375, UNKN, 6hrs B4, Mt3, 12.15, , 
1376, UNKN, 6hrs B4, Mt3, 12.25, , 
1377, UNKN, 6hrs B4, Mt3, 12.30, , 
1378, UNKN, 6hrs C2, Mt3, 11.84, , 
1379, UNKN, 6hrs C2, Mt3, 11.93, , 
1380, UNKN, 6hrs C2, Mt3, 11.99, , 
1381, UNKN, 24hrs D1, Mt3, 13.14, , 
1382, UNKN, 24hrs D1, Mt3, 13.40, , 
1383, UNKN, 24hrs D1, Mt3, 13.26, , 
1384, UNKN, 24hrs C1, Mt3, 12.12, , 
1385, UNKN, 24hrs C1, Mt3, 12.43, , 
1386, UNKN, 24hrs C1, Mt3, 12.32, , 
1387, UNKN, 3 Days B4, Mt3, 12.36, , 
1388, UNKN, 3 Days B4, Mt3, 12.38, , 
1389, UNKN, 3 Days B4, Mt3, 12.61, , 
1390, UNKN, 3 Days D2, Mt3, 12.71, , 
1391, UNKN, 3 Days D2, Mt3, 12.65, , 
1392, UNKN, 3 Days D2, Mt3, 12.83, , 
1393, UNKN, 6hrs A3, Nfe212, 26.88, , 
1394, UNKN, 6hrs A3, Nfe212, 27.01, , 
1395, UNKN, 6hrs A3, Nfe212, 26.46, , 
1396, UNKN, 24hrs A4, Nfe212, 24.60, , 
1397, UNKN, 24hrs A4, Nfe212, 24.31, , 
1398, UNKN, 24hrs A4, Nfe212, 24.59, , 
1399, UNKN, 8 Days D4, Nfe212, 24.56, , 
1400, UNKN, 8 Days D4, Nfe212, 24.63, , 
1401, UNKN, 8 Days D4, Nfe212, 25.14, , 
1402, UNKN, 8 Days B1, Nfe212, 24.48, , 
1403, UNKN, 8 Days B1, Nfe212, 24.20, , 
1404, UNKN, 8 Days B1, Nfe212, 24.50, , 
1405, UNKN, 3 Days A1, Nfe212, 24.75, , 
1406, UNKN, 3 Days A1, Nfe212, 25.22, , 
1407, UNKN, 3 Days A1, Nfe212, 24.88, , 
1408, UNKN, 24hrs B2, Nfe212, 22.66, , 
1409, UNKN, 24hrs B2, Nfe212, 22.98, , 
1410, UNKN, 24hrs B2, Nfe212, 23.10, , 
1411, UNKN, 6hrs D2, Nfe212, 23.09, , 
1412, UNKN, 6hrs D2, Nfe212, 23.22, , 
1413, UNKN, 6hrs D2, Nfe212, 23.08, , 
1414, UNKN, Water, Nfe212, , , 1
1415, UNKN, Water, Nfe212, 22.38, , 
1416, UNKN, Water, Nfe212, 21.16, , 
1417, UNKN, 3 Days C3, Nfe212, 25.45, , 
1418, UNKN, 3 Days C3, Nfe212, 25.14, , 
1419, UNKN, 3 Days C3, Nfe212, 25.15, , 
1420, UNKN, 8 Days C2, Nfe212, 23.74, , 
1421, UNKN, 8 Days C2, Nfe212, 23.99, , 
1422, UNKN, 8 Days C2, Nfe212, 23.90, , 
1423, UNKN, 6hrs B4, Nfe212, 25.04, , 
1424, UNKN, 6hrs B4, Nfe212, 24.74, , 
1425, UNKN, 6hrs B4, Nfe212, 24.81, , 
1426, UNKN, 6hrs C2, Nfe212, 23.06, , 
1427, UNKN, 6hrs C2, Nfe212, 23.40, , 
1428, UNKN, 6hrs C2, Nfe212, 23.11, , 
1429, UNKN, 24hrs D1, Nfe212, 26.79, , 
1430, UNKN, 24hrs D1, Nfe212, 26.58, , 
1431, UNKN, 24hrs D1, Nfe212, 26.64, , 
1432, UNKN, 24hrs C1, Nfe212, 24.35, , 
1433, UNKN, 24hrs C1, Nfe212, 24.70, , 
1434, UNKN, 24hrs C1, Nfe212, 24.58, , 
1435, UNKN, 3 Days B4, Nfe212, 24.44, , 
1436, UNKN, 3 Days B4, Nfe212, 24.59, , 
1437, UNKN, 3 Days B4, Nfe212, 24.82, , 
1438, UNKN, 3 Days D2, Nfe212, 25.09, , 
1439, UNKN, 3 Days D2, Nfe212, 24.48, , 
1440, UNKN, 3 Days D2, Nfe212, 24.84, , 
1441, UNKN, 6hrs A3, Ngb, 22.39, , 
1442, UNKN, 6hrs A3, Ngb, 22.49, , 
1443, UNKN, 6hrs A3, Ngb, 22.28, , 
1444, UNKN, 24hrs A4, Ngb, 22.66, , 
1445, UNKN, 24hrs A4, Ngb, 22.67, , 
1446, UNKN, 24hrs A4, Ngb, 22.55, , 
1447, UNKN, 8 Days D4, Ngb, 22.74, , 
1448, UNKN, 8 Days D4, Ngb, 22.52, , 
1449, UNKN, 8 Days D4, Ngb, 22.75, , 
1450, UNKN, 8 Days B1, Ngb, 22.75, , 
1451, UNKN, 8 Days B1, Ngb, 22.36, , 
1452, UNKN, 8 Days B1, Ngb, 23.29, , 
1453, UNKN, 3 Days A1, Ngb, 22.02, , 
1454, UNKN, 3 Days A1, Ngb, 22.14, , 
1455, UNKN, 3 Days A1, Ngb, 22.32, , 
1456, UNKN, 24hrs B2, Ngb, 18.41, , 
1457, UNKN, 24hrs B2, Ngb, 18.65, , 
1458, UNKN, 24hrs B2, Ngb, 19.07, , 
1459, UNKN, 6hrs D2, Ngb, 21.71, , 
1460, UNKN, 6hrs D2, Ngb, 21.20, , 
1461, UNKN, 6hrs D2, Ngb, 21.39, , 
1462, UNKN, Water, Ngb, , , 1
1463, UNKN, Water, Ngb, 22.54, , 
1464, UNKN, Water, Ngb, 19.61, , 
1465, UNKN, 3 Days C3, Ngb, 23.99, , 
1466, UNKN, 3 Days C3, Ngb, 22.79, , 
1467, UNKN, 3 Days C3, Ngb, 23.35, , 
1468, UNKN, 8 Days C2, Ngb, 20.55, , 
1469, UNKN, 8 Days C2, Ngb, 21.07, , 
1470, UNKN, 8 Days C2, Ngb, 21.05, , 
1471, UNKN, 6hrs B4, Ngb, 21.27, , 
1472, UNKN, 6hrs B4, Ngb, 21.27, , 
1473, UNKN, 6hrs B4, Ngb, 21.52, , 
1474, UNKN, 6hrs C2, Ngb, 20.18, , 
1475, UNKN, 6hrs C2, Ngb, 20.32, , 
1476, UNKN, 6hrs C2, Ngb, 20.16, , 
1477, UNKN, 24hrs D1, Ngb, 21.80, , 
1478, UNKN, 24hrs D1, Ngb, 22.05, , 
1479, UNKN, 24hrs D1, Ngb, 21.66, , 
1480, UNKN, 24hrs C1, Ngb, 22.98, , 
1481, UNKN, 24hrs C1, Ngb, 24.00, , 
1482, UNKN, 24hrs C1, Ngb, 22.91, , 
1483, UNKN, 3 Days B4, Ngb, 20.40, , 
1484, UNKN, 3 Days B4, Ngb, 20.59, , 
1485, UNKN, 3 Days B4, Ngb, 20.72, , 
1486, UNKN, 3 Days D2, Ngb, 21.04, , 
1487, UNKN, 3 Days D2, Ngb, 21.27, , 
1488, UNKN, 3 Days D2, Ngb, 21.19, , 
1489, UNKN, 6hrs A3, Nos2, 25.65, , 
1490, UNKN, 6hrs A3, Nos2, 25.88, , 
1491, UNKN, 6hrs A3, Nos2, 26.06, , 
1492, UNKN, 24hrs A4, Nos2, 23.61, , 
1493, UNKN, 24hrs A4, Nos2, 23.66, , 
1494, UNKN, 24hrs A4, Nos2, 24.06, , 
1495, UNKN, 8 Days D4, Nos2, 27.87, , 
1496, UNKN, 8 Days D4, Nos2, 24.69, , 
1497, UNKN, 8 Days D4, Nos2, 26.89, , 
1498, UNKN, 8 Days B1, Nos2, 24.18, , 
1499, UNKN, 8 Days B1, Nos2, 24.50, , 
1500, UNKN, 8 Days B1, Nos2, 24.17, , 
1501, UNKN, 3 Days A1, Nos2, 24.92, , 
1502, UNKN, 3 Days A1, Nos2, 24.84, , 
1503, UNKN, 3 Days A1, Nos2, 24.33, , 
1504, UNKN, 24hrs B2, Nos2, 23.50, , 
1505, UNKN, 24hrs B2, Nos2, 23.18, , 
1506, UNKN, 24hrs B2, Nos2, 22.50, , 
1507, UNKN, 6hrs D2, Nos2, 24.47, , 
1508, UNKN, 6hrs D2, Nos2, 25.63, , 
1509, UNKN, 6hrs D2, Nos2, 23.59, , 
1510, UNKN, Water, Nos2, , , 1
1511, UNKN, Water, Nos2, , , 1
1512, UNKN, Water, Nos2, , , 1
1513, UNKN, 3 Days C3, Nos2, 25.94, , 
1514, UNKN, 3 Days C3, Nos2, 26.40, , 
1515, UNKN, 3 Days C3, Nos2, 25.77, , 
1516, UNKN, 8 Days C2, Nos2, 23.55, , 
1517, UNKN, 8 Days C2, Nos2, 22.96, , 
1518, UNKN, 8 Days C2, Nos2, 22.70, , 
1519, UNKN, 6hrs B4, Nos2, 24.92, , 
1520, UNKN, 6hrs B4, Nos2, 24.63, , 
1521, UNKN, 6hrs B4, Nos2, 25.08, , 
1522, UNKN, 6hrs C2, Nos2, 24.20, , 
1523, UNKN, 6hrs C2, Nos2, 23.75, , 
1524, UNKN, 6hrs C2, Nos2, 24.83, , 
1525, UNKN, 24hrs D1, Nos2, 24.86, , 
1526, UNKN, 24hrs D1, Nos2, 26.68, , 
1527, UNKN, 24hrs D1, Nos2, 25.46, , 
1528, UNKN, 24hrs C1, Nos2, 23.29, , 
1529, UNKN, 24hrs C1, Nos2, 24.55, , 
1530, UNKN, 24hrs C1, Nos2, 23.55, , 
1531, UNKN, 3 Days B4, Nos2, 24.54, , 
1532, UNKN, 3 Days B4, Nos2, 23.49, , 
1533, UNKN, 3 Days B4, Nos2, 24.43, , 
1534, UNKN, 3 Days D2, Nos2, 25.09, , 
1535, UNKN, 3 Days D2, Nos2, 24.64, , 
1536, UNKN, 3 Days D2, Nos2, 25.65, , 
1537, UNKN, 6hrs A3, Ogdh, 17.23, , 
1538, UNKN, 6hrs A3, Ogdh, 17.01, , 
1539, UNKN, 6hrs A3, Ogdh, 17.27, , 
1540, UNKN, 24hrs A4, Ogdh, 15.79, , 
1541, UNKN, 24hrs A4, Ogdh, 15.81, , 
1542, UNKN, 24hrs A4, Ogdh, 15.98, , 
1543, UNKN, 8 Days D4, Ogdh, 16.22, , 
1544, UNKN, 8 Days D4, Ogdh, 16.28, , 
1545, UNKN, 8 Days D4, Ogdh, 16.23, , 
1546, UNKN, 8 Days B1, Ogdh, 16.01, , 
1547, UNKN, 8 Days B1, Ogdh, 16.01, , 
1548, UNKN, 8 Days B1, Ogdh, 16.08, , 
1549, UNKN, 3 Days A1, Ogdh, 15.81, , 
1550, UNKN, 3 Days A1, Ogdh, 15.82, , 
1551, UNKN, 3 Days A1, Ogdh, 15.82, , 
1552, UNKN, 24hrs B2, Ogdh, 14.41, , 
1553, UNKN, 24hrs B2, Ogdh, 14.50, , 
1554, UNKN, 24hrs B2, Ogdh, 14.54, , 
1555, UNKN, 6hrs D2, Ogdh, 13.99, , 
1556, UNKN, 6hrs D2, Ogdh, 14.10, , 
1557, UNKN, 6hrs D2, Ogdh, 14.13, , 
1558, UNKN, Water, Ogdh, , , 1
1559, UNKN, Water, Ogdh, , , 1
1560, UNKN, Water, Ogdh, 35.55, , 
1561, UNKN, 3 Days C3, Ogdh, 16.06, , 
1562, UNKN, 3 Days C3, Ogdh, 16.09, , 
1563, UNKN, 3 Days C3, Ogdh, 15.91, , 
1564, UNKN, 8 Days C2, Ogdh, 14.91, , 
1565, UNKN, 8 Days C2, Ogdh, 15.02, , 
1566, UNKN, 8 Days C2, Ogdh, 14.95, , 
1567, UNKN, 6hrs B4, Ogdh, 15.93, , 
1568, UNKN, 6hrs B4, Ogdh, 15.90, , 
1569, UNKN, 6hrs B4, Ogdh, 15.94, , 
1570, UNKN, 6hrs C2, Ogdh, 14.86, , 
1571, UNKN, 6hrs C2, Ogdh, 14.87, , 
1572, UNKN, 6hrs C2, Ogdh, 14.90, , 
1573, UNKN, 24hrs D1, Ogdh, 17.07, , 
1574, UNKN, 24hrs D1, Ogdh, 17.25, , 
1575, UNKN, 24hrs D1, Ogdh, 16.98, , 
1576, UNKN, 24hrs C1, Ogdh, 15.44, , 
1577, UNKN, 24hrs C1, Ogdh, 15.50, , 
1578, UNKN, 24hrs C1, Ogdh, 15.48, , 
1579, UNKN, 3 Days B4, Ogdh, 14.73, , 
1580, UNKN, 3 Days B4, Ogdh, 14.80, , 
1581, UNKN, 3 Days B4, Ogdh, 14.85, , 
1582, UNKN, 3 Days D2, Ogdh, 16.03, , 
1583, UNKN, 3 Days D2, Ogdh, 16.13, , 
1584, UNKN, 3 Days D2, Ogdh, 16.18, , 
1585, UNKN, 6hrs A3, PDHx, 18.89, , 
1586, UNKN, 6hrs A3, PDHx, 19.08, , 
1587, UNKN, 6hrs A3, PDHx, 18.84, , 
1588, UNKN, 24hrs A4, PDHx, 17.74, , 
1589, UNKN, 24hrs A4, PDHx, 17.69, , 
1590, UNKN, 24hrs A4, PDHx, 17.63, , 
1591, UNKN, 8 Days D4, PDHx, 17.82, , 
1592, UNKN, 8 Days D4, PDHx, 17.91, , 
1593, UNKN, 8 Days D4, PDHx, 17.90, , 
1594, UNKN, 8 Days B1, PDHx, 17.75, , 
1595, UNKN, 8 Days B1, PDHx, 17.71, , 
1596, UNKN, 8 Days B1, PDHx, 17.80, , 
1597, UNKN, 3 Days A1, PDHx, 17.41, , 
1598, UNKN, 3 Days A1, PDHx, 17.51, , 
1599, UNKN, 3 Days A1, PDHx, 17.42, , 
1600, UNKN, 24hrs B2, PDHx, 16.52, , 
1601, UNKN, 24hrs B2, PDHx, 16.53, , 
1602, UNKN, 24hrs B2, PDHx, 16.69, , 
1603, UNKN, 6hrs D2, PDHx, 16.12, , 
1604, UNKN, 6hrs D2, PDHx, 16.23, , 
1605, UNKN, 6hrs D2, PDHx, 16.19, , 
1606, UNKN, Water, PDHx, 38.95, , 
1607, UNKN, Water, PDHx, 31.82, , 
1608, UNKN, Water, PDHx, 26.12, , 
1609, UNKN, 3 Days C3, PDHx, 17.72, , 
1610, UNKN, 3 Days C3, PDHx, 17.71, , 
1611, UNKN, 3 Days C3, PDHx, 17.70, , 
1612, UNKN, 8 Days C2, PDHx, 16.71, , 
1613, UNKN, 8 Days C2, PDHx, 16.76, , 
1614, UNKN, 8 Days C2, PDHx, 16.68, , 
1615, UNKN, 6hrs B4, PDHx, 17.74, , 
1616, UNKN, 6hrs B4, PDHx, 17.70, , 
1617, UNKN, 6hrs B4, PDHx, 17.92, , 
1618, UNKN, 6hrs C2, PDHx, 16.77, , 
1619, UNKN, 6hrs C2, PDHx, 16.85, , 
1620, UNKN, 6hrs C2, PDHx, 16.79, , 
1621, UNKN, 24hrs D1, PDHx, 18.63, , 
1622, UNKN, 24hrs D1, PDHx, 18.84, , 
1623, UNKN, 24hrs D1, PDHx, 18.78, , 
1624, UNKN, 24hrs C1, PDHx, 16.98, , 
1625, UNKN, 24hrs C1, PDHx, 16.99, , 
1626, UNKN, 24hrs C1, PDHx, 17.01, , 
1627, UNKN, 3 Days B4, PDHx, 16.73, , 
1628, UNKN, 3 Days B4, PDHx, 16.81, , 
1629, UNKN, 3 Days B4, PDHx, 16.68, , 
1630, UNKN, 3 Days D2, PDHx, 17.87, , 
1631, UNKN, 3 Days D2, PDHx, 17.89, , 
1632, UNKN, 3 Days D2, PDHx, 17.97, , 
1633, UNKN, 6hrs A3, PDK1, 23.77, , 
1634, UNKN, 6hrs A3, PDK1, 23.83, , 
1635, UNKN, 6hrs A3, PDK1, 23.82, , 
1636, UNKN, 24hrs A4, PDK1, 22.64, , 
1637, UNKN, 24hrs A4, PDK1, 22.76, , 
1638, UNKN, 24hrs A4, PDK1, 22.74, , 
1639, UNKN, 8 Days D4, PDK1, 22.34, , 
1640, UNKN, 8 Days D4, PDK1, 22.73, , 
1641, UNKN, 8 Days D4, PDK1, 22.98, , 
1642, UNKN, 8 Days B1, PDK1, 22.06, , 
1643, UNKN, 8 Days B1, PDK1, 22.21, , 
1644, UNKN, 8 Days B1, PDK1, 22.49, , 
1645, UNKN, 3 Days A1, PDK1, 22.43, , 
1646, UNKN, 3 Days A1, PDK1, 22.63, , 
1647, UNKN, 3 Days A1, PDK1, 22.29, , 
1648, UNKN, 24hrs B2, PDK1, 20.87, , 
1649, UNKN, 24hrs B2, PDK1, 20.81, , 
1650, UNKN, 24hrs B2, PDK1, 20.86, , 
1651, UNKN, 6hrs D2, PDK1, 21.33, , 
1652, UNKN, 6hrs D2, PDK1, 21.33, , 
1653, UNKN, 6hrs D2, PDK1, 21.25, , 
1654, UNKN, Water, PDK1, , , 1
1655, UNKN, Water, PDK1, , , 1
1656, UNKN, Water, PDK1, , , 1
1657, UNKN, 3 Days C3, PDK1, 22.92, , 
1658, UNKN, 3 Days C3, PDK1, 22.67, , 
1659, UNKN, 3 Days C3, PDK1, 22.68, , 
1660, UNKN, 8 Days C2, PDK1, 21.47, , 
1661, UNKN, 8 Days C2, PDK1, 21.67, , 
1662, UNKN, 8 Days C2, PDK1, 21.48, , 
1663, UNKN, 6hrs B4, PDK1, 22.40, , 
1664, UNKN, 6hrs B4, PDK1, 22.18, , 
1665, UNKN, 6hrs B4, PDK1, 22.14, , 
1666, UNKN, 6hrs C2, PDK1, 21.16, , 
1667, UNKN, 6hrs C2, PDK1, 21.21, , 
1668, UNKN, 6hrs C2, PDK1, 21.08, , 
1669, UNKN, 24hrs D1, PDK1, 23.79, , 
1670, UNKN, 24hrs D1, PDK1, 23.52, , 
1671, UNKN, 24hrs D1, PDK1, 23.58, , 
1672, UNKN, 24hrs C1, PDK1, 22.35, , 
1673, UNKN, 24hrs C1, PDK1, 22.73, , 
1674, UNKN, 24hrs C1, PDK1, 22.46, , 
1675, UNKN, 3 Days B4, PDK1, 21.58, , 
1676, UNKN, 3 Days B4, PDK1, 21.58, , 
1677, UNKN, 3 Days B4, PDK1, 21.77, , 
1678, UNKN, 3 Days D2, PDK1, 22.55, , 
1679, UNKN, 3 Days D2, PDK1, 22.69, , 
1680, UNKN, 3 Days D2, PDK1, 23.28, , 
1681, UNKN, 6hrs A3, Ppara, 24.87, , 
1682, UNKN, 6hrs A3, Ppara, 25.17, , 
1683, UNKN, 6hrs A3, Ppara, 25.45, , 
1684, UNKN, 24hrs A4, Ppara, 23.80, , 
1685, UNKN, 24hrs A4, Ppara, 24.21, , 
1686, UNKN, 24hrs A4, Ppara, 23.74, , 
1687, UNKN, 8 Days D4, Ppara, 24.26, , 
1688, UNKN, 8 Days D4, Ppara, 24.30, , 
1689, UNKN, 8 Days D4, Ppara, 24.50, , 
1690, UNKN, 8 Days B1, Ppara, 25.22, , 
1691, UNKN, 8 Days B1, Ppara, 24.91, , 
1692, UNKN, 8 Days B1, Ppara, 28.03, , 
1693, UNKN, 3 Days A1, Ppara, 24.25, , 
1694, UNKN, 3 Days A1, Ppara, 25.77, , 
1695, UNKN, 3 Days A1, Ppara, 24.50, , 
1696, UNKN, 24hrs B2, Ppara, 22.11, , 
1697, UNKN, 24hrs B2, Ppara, 22.51, , 
1698, UNKN, 24hrs B2, Ppara, 22.19, , 
1699, UNKN, 6hrs D2, Ppara, 21.14, , 
1700, UNKN, 6hrs D2, Ppara, 21.16, , 
1701, UNKN, 6hrs D2, Ppara, 21.23, , 
1702, UNKN, Water, Ppara, , , 1
1703, UNKN, Water, Ppara, 33.64, , 
1704, UNKN, Water, Ppara, 28.10, , 
1705, UNKN, 3 Days C3, Ppara, 24.36, , 
1706, UNKN, 3 Days C3, Ppara, 23.87, , 
1707, UNKN, 3 Days C3, Ppara, 24.29, , 
1708, UNKN, 8 Days C2, Ppara, 22.50, , 
1709, UNKN, 8 Days C2, Ppara, 22.59, , 
1710, UNKN, 8 Days C2, Ppara, 22.75, , 
1711, UNKN, 6hrs B4, Ppara, 23.31, , 
1712, UNKN, 6hrs B4, Ppara, 23.25, , 
1713, UNKN, 6hrs B4, Ppara, 25.08, , 
1714, UNKN, 6hrs C2, Ppara, 22.77, , 
1715, UNKN, 6hrs C2, Ppara, 23.89, , 
1716, UNKN, 6hrs C2, Ppara, 23.00, , 
1717, UNKN, 24hrs D1, Ppara, 26.25, , 
1718, UNKN, 24hrs D1, Ppara, 25.45, , 
1719, UNKN, 24hrs D1, Ppara, 26.14, , 
1720, UNKN, 24hrs C1, Ppara, 24.09, , 
1721, UNKN, 24hrs C1, Ppara, 23.27, , 
1722, UNKN, 24hrs C1, Ppara, 23.60, , 
1723, UNKN, 3 Days B4, Ppara, 22.19, , 
1724, UNKN, 3 Days B4, Ppara, 23.42, , 
1725, UNKN, 3 Days B4, Ppara, 22.47, , 
1726, UNKN, 3 Days D2, Ppara, 24.13, , 
1727, UNKN, 3 Days D2, Ppara, 24.67, , 
1728, UNKN, 3 Days D2, Ppara, 24.41, , 
1729, UNKN, 6hrs A3, Ppargc1a, 16.22, , 
1730, UNKN, 6hrs A3, Ppargc1a, 16.04, , 
1731, UNKN, 6hrs A3, Ppargc1a, 16.11, , 
1732, UNKN, 24hrs A4, Ppargc1a, 15.20, , 
1733, UNKN, 24hrs A4, Ppargc1a, 15.39, , 
1734, UNKN, 24hrs A4, Ppargc1a, 15.43, , 
1735, UNKN, 8 Days D4, Ppargc1a, 15.53, , 
1736, UNKN, 8 Days D4, Ppargc1a, 15.68, , 
1737, UNKN, 8 Days D4, Ppargc1a, 15.62, , 
1738, UNKN, 8 Days B1, Ppargc1a, 15.05, , 
1739, UNKN, 8 Days B1, Ppargc1a, 15.19, , 
1740, UNKN, 8 Days B1, Ppargc1a, 15.20, , 
1741, UNKN, 3 Days A1, Ppargc1a, 14.74, , 
1742, UNKN, 3 Days A1, Ppargc1a, 14.89, , 
1743, UNKN, 3 Days A1, Ppargc1a, 14.80, , 
1744, UNKN, 24hrs B2, Ppargc1a, 14.38, , 
1745, UNKN, 24hrs B2, Ppargc1a, 14.56, , 
1746, UNKN, 24hrs B2, Ppargc1a, 14.73, , 
1747, UNKN, 6hrs D2, Ppargc1a, 13.16, , 
1748, UNKN, 6hrs D2, Ppargc1a, 13.25, , 
1749, UNKN, 6hrs D2, Ppargc1a, 13.37, , 
1750, UNKN, Water, Ppargc1a, , , 1
1751, UNKN, Water, Ppargc1a, 24.75, , 
1752, UNKN, Water, Ppargc1a, 20.72, , 
1753, UNKN, 3 Days C3, Ppargc1a, 15.25, , 
1754, UNKN, 3 Days C3, Ppargc1a, 15.11, , 
1755, UNKN, 3 Days C3, Ppargc1a, 14.99, , 
1756, UNKN, 8 Days C2, Ppargc1a, 14.28, , 
1757, UNKN, 8 Days C2, Ppargc1a, 14.51, , 
1758, UNKN, 8 Days C2, Ppargc1a, 14.34, , 
1759, UNKN, 6hrs B4, Ppargc1a, 14.79, , 
1760, UNKN, 6hrs B4, Ppargc1a, 14.99, , 
1761, UNKN, 6hrs B4, Ppargc1a, 14.86, , 
1762, UNKN, 6hrs C2, Ppargc1a, 14.13, , 
1763, UNKN, 6hrs C2, Ppargc1a, 14.21, , 
1764, UNKN, 6hrs C2, Ppargc1a, 14.28, , 
1765, UNKN, 24hrs D1, Ppargc1a, 16.41, , 
1766, UNKN, 24hrs D1, Ppargc1a, 16.67, , 
1767, UNKN, 24hrs D1, Ppargc1a, 16.55, , 
1768, UNKN, 24hrs C1, Ppargc1a, 14.32, , 
1769, UNKN, 24hrs C1, Ppargc1a, 14.43, , 
1770, UNKN, 24hrs C1, Ppargc1a, 14.29, , 
1771, UNKN, 3 Days B4, Ppargc1a, 14.52, , 
1772, UNKN, 3 Days B4, Ppargc1a, 14.69, , 
1773, UNKN, 3 Days B4, Ppargc1a, 14.69, , 
1774, UNKN, 3 Days D2, Ppargc1a, 15.64, , 
1775, UNKN, 3 Days D2, Ppargc1a, 15.94, , 
1776, UNKN, 3 Days D2, Ppargc1a, 15.66, , 
1777, UNKN, 6hrs A3, RPL22_hk, 14.38, , 
1778, UNKN, 6hrs A3, RPL22_hk, 15.06, , 
1779, UNKN, 6hrs A3, RPL22_hk, 14.91, , 
1780, UNKN, 24hrs A4, RPL22_hk, 14.23, , 
1781, UNKN, 24hrs A4, RPL22_hk, 14.25, , 
1782, UNKN, 24hrs A4, RPL22_hk, 14.34, , 
1783, UNKN, 8 Days D4, RPL22_hk, 14.49, , 
1784, UNKN, 8 Days D4, RPL22_hk, 14.48, , 
1785, UNKN, 8 Days D4, RPL22_hk, 14.66, , 
1786, UNKN, 8 Days B1, RPL22_hk, 14.28, , 
1787, UNKN, 8 Days B1, RPL22_hk, 14.19, , 
1788, UNKN, 8 Days B1, RPL22_hk, 14.30, , 
1789, UNKN, 3 Days A1, RPL22_hk, 13.84, , 
1790, UNKN, 3 Days A1, RPL22_hk, 13.93, , 
1791, UNKN, 3 Days A1, RPL22_hk, 13.88, , 
1792, UNKN, 24hrs B2, RPL22_hk, 13.67, , 
1793, UNKN, 24hrs B2, RPL22_hk, 13.71, , 
1794, UNKN, 24hrs B2, RPL22_hk, 13.83, , 
1795, UNKN, 6hrs D2, RPL22_hk, 13.33, , 
1796, UNKN, 6hrs D2, RPL22_hk, 13.42, , 
1797, UNKN, 6hrs D2, RPL22_hk, 13.34, , 
1798, UNKN, Water, RPL22_hk, 30.05, , 
1799, UNKN, Water, RPL22_hk, , , 1
1800, UNKN, Water, RPL22_hk, , , 1
1801, UNKN, 3 Days C3, RPL22_hk, 14.78, , 
1802, UNKN, 3 Days C3, RPL22_hk, 14.74, , 
1803, UNKN, 3 Days C3, RPL22_hk, 14.58, , 
1804, UNKN, 8 Days C2, RPL22_hk, 13.98, , 
1805, UNKN, 8 Days C2, RPL22_hk, 14.12, , 
1806, UNKN, 8 Days C2, RPL22_hk, 13.98, , 
1807, UNKN, 6hrs B4, RPL22_hk, 14.46, , 
1808, UNKN, 6hrs B4, RPL22_hk, 14.47, , 
1809, UNKN, 6hrs B4, RPL22_hk, 14.53, , 
1810, UNKN, 6hrs C2, RPL22_hk, 13.75, , 
1811, UNKN, 6hrs C2, RPL22_hk, 14.01, , 
1812, UNKN, 6hrs C2, RPL22_hk, 12.55, , 
1813, UNKN, 24hrs D1, RPL22_hk, 15.57, , 
1814, UNKN, 24hrs D1, RPL22_hk, 15.28, , 
1815, UNKN, 24hrs D1, RPL22_hk, 15.48, , 
1816, UNKN, 24hrs C1, RPL22_hk, 13.86, , 
1817, UNKN, 24hrs C1, RPL22_hk, 13.95, , 
1818, UNKN, 24hrs C1, RPL22_hk, 14.00, , 
1819, UNKN, 3 Days B4, RPL22_hk, 14.25, , 
1820, UNKN, 3 Days B4, RPL22_hk, 14.49, , 
1821, UNKN, 3 Days B4, RPL22_hk, 14.32, , 
1822, UNKN, 3 Days D2, RPL22_hk, 14.31, , 
1823, UNKN, 3 Days D2, RPL22_hk, 14.23, , 
1824, UNKN, 3 Days D2, RPL22_hk, 14.60, , 
1825, UNKN, 6hrs A3, SDHb, 16.89, , 
1826, UNKN, 6hrs A3, SDHb, 17.04, , 
1827, UNKN, 6hrs A3, SDHb, 16.88, , 
1828, UNKN, 24hrs A4, SDHb, 14.92, , 
1829, UNKN, 24hrs A4, SDHb, 14.86, , 
1830, UNKN, 24hrs A4, SDHb, 14.85, , 
1831, UNKN, 8 Days D4, SDHb, 15.23, , 
1832, UNKN, 8 Days D4, SDHb, 15.24, , 
1833, UNKN, 8 Days D4, SDHb, 15.17, , 
1834, UNKN, 8 Days B1, SDHb, 14.97, , 
1835, UNKN, 8 Days B1, SDHb, 14.95, , 
1836, UNKN, 8 Days B1, SDHb, 14.96, , 
1837, UNKN, 3 Days A1, SDHb, 14.49, , 
1838, UNKN, 3 Days A1, SDHb, 14.56, , 
1839, UNKN, 3 Days A1, SDHb, 14.64, , 
1840, UNKN, 24hrs B2, SDHb, 13.75, , 
1841, UNKN, 24hrs B2, SDHb, 13.88, , 
1842, UNKN, 24hrs B2, SDHb, 14.01, , 
1843, UNKN, 6hrs D2, SDHb, 13.50, , 
1844, UNKN, 6hrs D2, SDHb, 13.62, , 
1845, UNKN, 6hrs D2, SDHb, 13.59, , 
1846, UNKN, Water, SDHb, , , 1
1847, UNKN, Water, SDHb, , , 1
1848, UNKN, Water, SDHb, , , 1
1849, UNKN, 3 Days C3, SDHb, 15.09, , 
1850, UNKN, 3 Days C3, SDHb, 15.04, , 
1851, UNKN, 3 Days C3, SDHb, 14.91, , 
1852, UNKN, 8 Days C2, SDHb, 14.14, , 
1853, UNKN, 8 Days C2, SDHb, 14.21, , 
1854, UNKN, 8 Days C2, SDHb, 14.11, , 
1855, UNKN, 6hrs B4, SDHb, 15.17, , 
1856, UNKN, 6hrs B4, SDHb, 15.38, , 
1857, UNKN, 6hrs B4, SDHb, 15.34, , 
1858, UNKN, 6hrs C2, SDHb, 14.28, , 
1859, UNKN, 6hrs C2, SDHb, 14.33, , 
1860, UNKN, 6hrs C2, SDHb, 14.28, , 
1861, UNKN, 24hrs D1, SDHb, 15.83, , 
1862, UNKN, 24hrs D1, SDHb, 15.95, , 
1863, UNKN, 24hrs D1, SDHb, 15.91, , 
1864, UNKN, 24hrs C1, SDHb, 14.80, , 
1865, UNKN, 24hrs C1, SDHb, 14.92, , 
1866, UNKN, 24hrs C1, SDHb, 14.90, , 
1867, UNKN, 3 Days B4, SDHb, 14.42, , 
1868, UNKN, 3 Days B4, SDHb, 14.41, , 
1869, UNKN, 3 Days B4, SDHb, 14.32, , 
1870, UNKN, 3 Days D2, SDHb, 14.83, , 
1871, UNKN, 3 Days D2, SDHb, 14.86, , 
1872, UNKN, 3 Days D2, SDHb, 14.84, , 
1873, UNKN, 6hrs A3, Slc11a2, 22.19, , 
1874, UNKN, 6hrs A3, Slc11a2, 21.81, , 
1875, UNKN, 6hrs A3, Slc11a2, 22.33, , 
1876, UNKN, 24hrs A4, Slc11a2, 20.51, , 
1877, UNKN, 24hrs A4, Slc11a2, 20.45, , 
1878, UNKN, 24hrs A4, Slc11a2, 20.58, , 
1879, UNKN, 8 Days D4, Slc11a2, 21.16, , 
1880, UNKN, 8 Days D4, Slc11a2, 20.62, , 
1881, UNKN, 8 Days D4, Slc11a2, 20.78, , 
1882, UNKN, 8 Days B1, Slc11a2, 20.92, , 
1883, UNKN, 8 Days B1, Slc11a2, 20.93, , 
1884, UNKN, 8 Days B1, Slc11a2, 21.25, , 
1885, UNKN, 3 Days A1, Slc11a2, 20.91, , 
1886, UNKN, 3 Days A1, Slc11a2, 21.18, , 
1887, UNKN, 3 Days A1, Slc11a2, 20.82, , 
1888, UNKN, 24hrs B2, Slc11a2, 19.13, , 
1889, UNKN, 24hrs B2, Slc11a2, 19.26, , 
1890, UNKN, 24hrs B2, Slc11a2, 19.64, , 
1891, UNKN, 6hrs D2, Slc11a2, 19.43, , 
1892, UNKN, 6hrs D2, Slc11a2, 19.53, , 
1893, UNKN, 6hrs D2, Slc11a2, 19.51, , 
1894, UNKN, Water, Slc11a2, 33.21, , 
1895, UNKN, Water, Slc11a2, 10.06, , 
1896, UNKN, Water, Slc11a2,  9.09, , 
1897, UNKN, 3 Days C3, Slc11a2, 21.60, , 
1898, UNKN, 3 Days C3, Slc11a2, 20.80, , 
1899, UNKN, 3 Days C3, Slc11a2, 20.98, , 
1900, UNKN, 8 Days C2, Slc11a2, 19.39, , 
1901, UNKN, 8 Days C2, Slc11a2, 19.91, , 
1902, UNKN, 8 Days C2, Slc11a2, 19.92, , 
1903, UNKN, 6hrs B4, Slc11a2, 21.20, , 
1904, UNKN, 6hrs B4, Slc11a2, 20.90, , 
1905, UNKN, 6hrs B4, Slc11a2, 20.95, , 
1906, UNKN, 6hrs C2, Slc11a2, 19.87, , 
1907, UNKN, 6hrs C2, Slc11a2, 19.96, , 
1908, UNKN, 6hrs C2, Slc11a2, 19.87, , 
1909, UNKN, 24hrs D1, Slc11a2, 22.00, , 
1910, UNKN, 24hrs D1, Slc11a2, 22.28, , 
1911, UNKN, 24hrs D1, Slc11a2, 22.29, , 
1912, UNKN, 24hrs C1, Slc11a2, 20.49, , 
1913, UNKN, 24hrs C1, Slc11a2, 20.75, , 
1914, UNKN, 24hrs C1, Slc11a2, 20.40, , 
1915, UNKN, 3 Days B4, Slc11a2, 19.86, , 
1916, UNKN, 3 Days B4, Slc11a2, 19.86, , 
1917, UNKN, 3 Days B4, Slc11a2, 20.11, , 
1918, UNKN, 3 Days D2, Slc11a2, 20.83, , 
1919, UNKN, 3 Days D2, Slc11a2, 21.04, , 
1920, UNKN, 3 Days D2, Slc11a2, 21.41, , 
1921, UNKN, 6hrs A3, Slc40a1, 22.82, , 
1922, UNKN, 6hrs A3, Slc40a1, 23.58, , 
1923, UNKN, 6hrs A3, Slc40a1, 23.26, , 
1924, UNKN, 24hrs A4, Slc40a1, 20.97, , 
1925, UNKN, 24hrs A4, Slc40a1, 21.23, , 
1926, UNKN, 24hrs A4, Slc40a1, 21.26, , 
1927, UNKN, 8 Days D4, Slc40a1, 21.51, , 
1928, UNKN, 8 Days D4, Slc40a1, 21.76, , 
1929, UNKN, 8 Days D4, Slc40a1, 22.22, , 
1930, UNKN, 8 Days B1, Slc40a1, 21.75, , 
1931, UNKN, 8 Days B1, Slc40a1, 21.16, , 
1932, UNKN, 8 Days B1, Slc40a1, 21.37, , 
1933, UNKN, 3 Days A1, Slc40a1, 21.26, , 
1934, UNKN, 3 Days A1, Slc40a1, 21.24, , 
1935, UNKN, 3 Days A1, Slc40a1, 21.43, , 
1936, UNKN, 24hrs B2, Slc40a1, 20.06, , 
1937, UNKN, 24hrs B2, Slc40a1, 20.29, , 
1938, UNKN, 24hrs B2, Slc40a1, 20.52, , 
1939, UNKN, 6hrs D2, Slc40a1, 19.78, , 
1940, UNKN, 6hrs D2, Slc40a1, 19.75, , 
1941, UNKN, 6hrs D2, Slc40a1, 19.98, , 
1942, UNKN, Water, Slc40a1, , , 1
1943, UNKN, Water, Slc40a1, 11.77, , 
1944, UNKN, Water, Slc40a1, 11.31, , 
1945, UNKN, 3 Days C3, Slc40a1, 21.28, , 
1946, UNKN, 3 Days C3, Slc40a1, 20.73, , 
1947, UNKN, 3 Days C3, Slc40a1, 21.07, , 
1948, UNKN, 8 Days C2, Slc40a1, 20.34, , 
1949, UNKN, 8 Days C2, Slc40a1, 20.35, , 
1950, UNKN, 8 Days C2, Slc40a1, 20.50, , 
1951, UNKN, 6hrs B4, Slc40a1, 21.68, , 
1952, UNKN, 6hrs B4, Slc40a1, 22.01, , 
1953, UNKN, 6hrs B4, Slc40a1, 21.48, , 
1954, UNKN, 6hrs C2, Slc40a1, 20.63, , 
1955, UNKN, 6hrs C2, Slc40a1, 20.55, , 
1956, UNKN, 6hrs C2, Slc40a1, 21.16, , 
1957, UNKN, 24hrs D1, Slc40a1, 22.84, , 
1958, UNKN, 24hrs D1, Slc40a1, 23.14, , 
1959, UNKN, 24hrs D1, Slc40a1, 22.99, , 
1960, UNKN, 24hrs C1, Slc40a1, 21.46, , 
1961, UNKN, 24hrs C1, Slc40a1, 21.32, , 
1962, UNKN, 24hrs C1, Slc40a1, 20.85, , 
1963, UNKN, 3 Days B4, Slc40a1, 20.33, , 
1964, UNKN, 3 Days B4, Slc40a1, 20.83, , 
1965, UNKN, 3 Days B4, Slc40a1, 20.25, , 
1966, UNKN, 3 Days D2, Slc40a1, 20.92, , 
1967, UNKN, 3 Days D2, Slc40a1, 20.79, , 
1968, UNKN, 3 Days D2, Slc40a1, 21.66, , 
1969, UNKN, 6hrs A3, Sod2, 17.17, , 
1970, UNKN, 6hrs A3, Sod2, 17.21, , 
1971, UNKN, 6hrs A3, Sod2, 17.33, , 
1972, UNKN, 24hrs A4, Sod2, 15.70, , 
1973, UNKN, 24hrs A4, Sod2, 15.72, , 
1974, UNKN, 24hrs A4, Sod2, 15.79, , 
1975, UNKN, 8 Days D4, Sod2, 15.89, , 
1976, UNKN, 8 Days D4, Sod2, 15.84, , 
1977, UNKN, 8 Days D4, Sod2, 16.05, , 
1978, UNKN, 8 Days B1, Sod2, 15.65, , 
1979, UNKN, 8 Days B1, Sod2, 15.67, , 
1980, UNKN, 8 Days B1, Sod2, 15.78, , 
1981, UNKN, 3 Days A1, Sod2, 15.31, , 
1982, UNKN, 3 Days A1, Sod2, 15.48, , 
1983, UNKN, 3 Days A1, Sod2, 15.37, , 
1984, UNKN, 24hrs B2, Sod2, 14.89, , 
1985, UNKN, 24hrs B2, Sod2, 14.91, , 
1986, UNKN, 24hrs B2, Sod2, 14.99, , 
1987, UNKN, 6hrs D2, Sod2, 14.80, , 
1988, UNKN, 6hrs D2, Sod2, 14.97, , 
1989, UNKN, 6hrs D2, Sod2, 14.91, , 
1990, UNKN, Water, Sod2, , , 1
1991, UNKN, Water, Sod2, 36.33, , 
1992, UNKN, Water, Sod2, 33.30, , 
1993, UNKN, 3 Days C3, Sod2, 15.66, , 
1994, UNKN, 3 Days C3, Sod2, 15.64, , 
1995, UNKN, 3 Days C3, Sod2, 15.65, , 
1996, UNKN, 8 Days C2, Sod2, 15.17, , 
1997, UNKN, 8 Days C2, Sod2, 15.24, , 
1998, UNKN, 8 Days C2, Sod2, 15.17, , 
1999, UNKN, 6hrs B4, Sod2, 16.05, , 
2000, UNKN, 6hrs B4, Sod2, 15.86, , 
2001, UNKN, 6hrs B4, Sod2, 15.77, , 
2002, UNKN, 6hrs C2, Sod2, 15.14, , 
2003, UNKN, 6hrs C2, Sod2, 15.20, , 
2004, UNKN, 6hrs C2, Sod2, 15.13, , 
2005, UNKN, 24hrs D1, Sod2, 16.96, , 
2006, UNKN, 24hrs D1, Sod2, 17.01, , 
2007, UNKN, 24hrs D1, Sod2, 16.99, , 
2008, UNKN, 24hrs C1, Sod2, 15.15, , 
2009, UNKN, 24hrs C1, Sod2, 15.37, , 
2010, UNKN, 24hrs C1, Sod2, 15.31, , 
2011, UNKN, 3 Days B4, Sod2, 15.31, , 
2012, UNKN, 3 Days B4, Sod2, 15.41, , 
2013, UNKN, 3 Days B4, Sod2, 15.49, , 
2014, UNKN, 3 Days D2, Sod2, 16.07, , 
2015, UNKN, 3 Days D2, Sod2, 16.03, , 
2016, UNKN, 3 Days D2, Sod2, 16.30, , 
2017, UNKN, 6hrs A3, Tfrc, , , 1
2018, UNKN, 6hrs A3, Tfrc, , , 1
2019, UNKN, 6hrs A3, Tfrc, , , 1
2020, UNKN, 24hrs A4, Tfrc, , , 1
2021, UNKN, 24hrs A4, Tfrc, , , 1
2022, UNKN, 24hrs A4, Tfrc, , , 1
2023, UNKN, 8 Days D4, Tfrc, , , 1
2024, UNKN, 8 Days D4, Tfrc, , , 1
2025, UNKN, 8 Days D4, Tfrc, , , 1
2026, UNKN, 8 Days B1, Tfrc, , , 1
2027, UNKN, 8 Days B1, Tfrc, , , 1
2028, UNKN, 8 Days B1, Tfrc, , , 1
2029, UNKN, 3 Days A1, Tfrc, , , 1
2030, UNKN, 3 Days A1, Tfrc, , , 1
2031, UNKN, 3 Days A1, Tfrc, , , 1
2032, UNKN, 24hrs B2, Tfrc, , , 1
2033, UNKN, 24hrs B2, Tfrc, , , 1
2034, UNKN, 24hrs B2, Tfrc, , , 1
2035, UNKN, 6hrs D2, Tfrc, , , 1
2036, UNKN, 6hrs D2, Tfrc, , , 1
2037, UNKN, 6hrs D2, Tfrc, , , 1
2038, UNKN, Water, Tfrc, , , 1
2039, UNKN, Water, Tfrc, , , 1
2040, UNKN, Water, Tfrc, , , 1
2041, UNKN, 3 Days C3, Tfrc, , , 1
2042, UNKN, 3 Days C3, Tfrc, , , 1
2043, UNKN, 3 Days C3, Tfrc, , , 1
2044, UNKN, 8 Days C2, Tfrc, , , 1
2045, UNKN, 8 Days C2, Tfrc, , , 1
2046, UNKN, 8 Days C2, Tfrc, , , 1
2047, UNKN, 6hrs B4, Tfrc, , , 1
2048, UNKN, 6hrs B4, Tfrc, , , 1
2049, UNKN, 6hrs B4, Tfrc, , , 1
2050, UNKN, 6hrs C2, Tfrc, , , 1
2051, UNKN, 6hrs C2, Tfrc, , , 1
2052, UNKN, 6hrs C2, Tfrc, , , 1
2053, UNKN, 24hrs D1, Tfrc, , , 1
2054, UNKN, 24hrs D1, Tfrc, , , 1
2055, UNKN, 24hrs D1, Tfrc, , , 1
2056, UNKN, 24hrs C1, Tfrc, , , 1
2057, UNKN, 24hrs C1, Tfrc, , , 1
2058, UNKN, 24hrs C1, Tfrc, , , 1
2059, UNKN, 3 Days B4, Tfrc, , , 1
2060, UNKN, 3 Days B4, Tfrc, , , 1
2061, UNKN, 3 Days B4, Tfrc, , , 1
2062, UNKN, 3 Days D2, Tfrc, , , 1
2063, UNKN, 3 Days D2, Tfrc, , , 1
2064, UNKN, 3 Days D2, Tfrc, , , 1
2065, UNKN, 6hrs A3, Th, 22.56, , 
2066, UNKN, 6hrs A3, Th, 23.03, , 
2067, UNKN, 6hrs A3, Th, 23.30, , 
2068, UNKN, 24hrs A4, Th, 19.44, , 
2069, UNKN, 24hrs A4, Th, 19.50, , 
2070, UNKN, 24hrs A4, Th, 19.55, , 
2071, UNKN, 8 Days D4, Th, 20.60, , 
2072, UNKN, 8 Days D4, Th, 20.81, , 
2073, UNKN, 8 Days D4, Th, 21.26, , 
2074, UNKN, 8 Days B1, Th, 22.47, , 
2075, UNKN, 8 Days B1, Th, 22.63, , 
2076, UNKN, 8 Days B1, Th, 22.50, , 
2077, UNKN, 3 Days A1, Th, 19.16, , 
2078, UNKN, 3 Days A1, Th, 18.91, , 
2079, UNKN, 3 Days A1, Th, 18.82, , 
2080, UNKN, 24hrs B2, Th, 20.08, , 
2081, UNKN, 24hrs B2, Th, 20.02, , 
2082, UNKN, 24hrs B2, Th, 19.73, , 
2083, UNKN, 6hrs D2, Th, 18.63, , 
2084, UNKN, 6hrs D2, Th, 18.76, , 
2085, UNKN, 6hrs D2, Th, 18.64, , 
2086, UNKN, Water, Th, 31.63, , 
2087, UNKN, Water, Th, 38.14, , 
2088, UNKN, Water, Th, 27.49, , 
2089, UNKN, 3 Days C3, Th, 20.60, , 
2090, UNKN, 3 Days C3, Th, 20.59, , 
2091, UNKN, 3 Days C3, Th, 20.68, , 
2092, UNKN, 8 Days C2, Th, 18.88, , 
2093, UNKN, 8 Days C2, Th, 19.24, , 
2094, UNKN, 8 Days C2, Th, 19.01, , 
2095, UNKN, 6hrs B4, Th, 21.51, , 
2096, UNKN, 6hrs B4, Th, 21.62, , 
2097, UNKN, 6hrs B4, Th, 21.45, , 
2098, UNKN, 6hrs C2, Th, 19.58, , 
2099, UNKN, 6hrs C2, Th, 19.43, , 
2100, UNKN, 6hrs C2, Th, 19.39, , 
2101, UNKN, 24hrs D1, Th, 23.74, , 
2102, UNKN, 24hrs D1, Th, 23.61, , 
2103, UNKN, 24hrs D1, Th, 23.96, , 
2104, UNKN, 24hrs C1, Th, 23.51, , 
2105, UNKN, 24hrs C1, Th, 23.91, , 
2106, UNKN, 24hrs C1, Th, 23.85, , 
2107, UNKN, 3 Days B4, Th, 19.75, , 
2108, UNKN, 3 Days B4, Th, 19.49, , 
2109, UNKN, 3 Days B4, Th, 19.75, , 
2110, UNKN, 3 Days D2, Th, 20.79, , 
2111, UNKN, 3 Days D2, Th, 21.00, , 
2112, UNKN, 3 Days D2, Th, 21.16, , 
2113, UNKN, 6hrs A3, Trfr2, 28.12, , 
2114, UNKN, 6hrs A3, Trfr2, 28.74, , 
2115, UNKN, 6hrs A3, Trfr2, 27.20, , 
2116, UNKN, 24hrs A4, Trfr2, 29.37, , 
2117, UNKN, 24hrs A4, Trfr2, 25.15, , 
2118, UNKN, 24hrs A4, Trfr2, 25.54, , 
2119, UNKN, 8 Days D4, Trfr2, 24.88, , 
2120, UNKN, 8 Days D4, Trfr2, 25.30, , 
2121, UNKN, 8 Days D4, Trfr2, 25.41, , 
2122, UNKN, 8 Days B1, Trfr2, 25.32, , 
2123, UNKN, 8 Days B1, Trfr2, 27.73, , 
2124, UNKN, 8 Days B1, Trfr2, 27.02, , 
2125, UNKN, 3 Days A1, Trfr2, 25.59, , 
2126, UNKN, 3 Days A1, Trfr2, 25.68, , 
2127, UNKN, 3 Days A1, Trfr2, 25.79, , 
2128, UNKN, 24hrs B2, Trfr2, 22.53, , 
2129, UNKN, 24hrs B2, Trfr2, 22.88, , 
2130, UNKN, 24hrs B2, Trfr2, 22.50, , 
2131, UNKN, 6hrs D2, Trfr2, 23.99, , 
2132, UNKN, 6hrs D2, Trfr2, 23.85, , 
2133, UNKN, 6hrs D2, Trfr2, 23.17, , 
2134, UNKN, Water, Trfr2, 32.42, , 
2135, UNKN, Water, Trfr2, , , 1
2136, UNKN, Water, Trfr2, , , 1
2137, UNKN, 3 Days C3, Trfr2, 26.15, , 
2138, UNKN, 3 Days C3, Trfr2, 25.87, , 
2139, UNKN, 3 Days C3, Trfr2, 27.05, , 
2140, UNKN, 8 Days C2, Trfr2, 24.16, , 
2141, UNKN, 8 Days C2, Trfr2, 23.39, , 
2142, UNKN, 8 Days C2, Trfr2, 23.87, , 
2143, UNKN, 6hrs B4, Trfr2, 26.67, , 
2144, UNKN, 6hrs B4, Trfr2, 26.74, , 
2145, UNKN, 6hrs B4, Trfr2, 25.08, , 
2146, UNKN, 6hrs C2, Trfr2, 24.67, , 
2147, UNKN, 6hrs C2, Trfr2, 24.02, , 
2148, UNKN, 6hrs C2, Trfr2, 24.84, , 
2149, UNKN, 24hrs D1, Trfr2, 26.72, , 
2150, UNKN, 24hrs D1, Trfr2, 25.61, , 
2151, UNKN, 24hrs D1, Trfr2, 26.34, , 
2152, UNKN, 24hrs C1, Trfr2, 24.75, , 
2153, UNKN, 24hrs C1, Trfr2, 26.47, , 
2154, UNKN, 24hrs C1, Trfr2, 26.72, , 
2155, UNKN, 3 Days B4, Trfr2, 23.57, , 
2156, UNKN, 3 Days B4, Trfr2, 23.25, , 
2157, UNKN, 3 Days B4, Trfr2, 23.77, , 
2158, UNKN, 3 Days D2, Trfr2, 26.95, , 
2159, UNKN, 3 Days D2, Trfr2, 24.54, , 
2160, UNKN, 3 Days D2, Trfr2, 27.41, , 
2161, UNKN, 6hrs A3, Trp53, 22.21, , 
2162, UNKN, 6hrs A3, Trp53, 22.15, , 
2163, UNKN, 6hrs A3, Trp53, 22.07, , 
2164, UNKN, 24hrs A4, Trp53, 20.39, , 
2165, UNKN, 24hrs A4, Trp53, 20.30, , 
2166, UNKN, 24hrs A4, Trp53, 20.38, , 
2167, UNKN, 8 Days D4, Trp53, 20.77, , 
2168, UNKN, 8 Days D4, Trp53, 20.75, , 
2169, UNKN, 8 Days D4, Trp53, 20.83, , 
2170, UNKN, 8 Days B1, Trp53, 20.77, , 
2171, UNKN, 8 Days B1, Trp53, 20.87, , 
2172, UNKN, 8 Days B1, Trp53, 20.83, , 
2173, UNKN, 3 Days A1, Trp53, 19.26, , 
2174, UNKN, 3 Days A1, Trp53, 20.50, , 
2175, UNKN, 3 Days A1, Trp53, 20.18, , 
2176, UNKN, 24hrs B2, Trp53, 18.69, , 
2177, UNKN, 24hrs B2, Trp53, 19.04, , 
2178, UNKN, 24hrs B2, Trp53, 19.15, , 
2179, UNKN, 6hrs D2, Trp53, 19.45, , 
2180, UNKN, 6hrs D2, Trp53, 19.61, , 
2181, UNKN, 6hrs D2, Trp53, 19.89, , 
2182, UNKN, Water, Trp53, , , 1
2183, UNKN, Water, Trp53, 22.99, , 
2184, UNKN, Water, Trp53, 21.63, , 
2185, UNKN, 3 Days C3, Trp53, 21.09, , 
2186, UNKN, 3 Days C3, Trp53, 20.82, , 
2187, UNKN, 3 Days C3, Trp53, 20.84, , 
2188, UNKN, 8 Days C2, Trp53, 19.65, , 
2189, UNKN, 8 Days C2, Trp53, 19.82, , 
2190, UNKN, 8 Days C2, Trp53, 19.78, , 
2191, UNKN, 6hrs B4, Trp53, 20.86, , 
2192, UNKN, 6hrs B4, Trp53, 20.90, , 
2193, UNKN, 6hrs B4, Trp53, 20.68, , 
2194, UNKN, 6hrs C2, Trp53, 19.79, , 
2195, UNKN, 6hrs C2, Trp53, 19.77, , 
2196, UNKN, 6hrs C2, Trp53, 19.70, , 
2197, UNKN, 24hrs D1, Trp53, 21.27, , 
2198, UNKN, 24hrs D1, Trp53, 21.08, , 
2199, UNKN, 24hrs D1, Trp53, 21.12, , 
2200, UNKN, 24hrs C1, Trp53, 19.89, , 
2201, UNKN, 24hrs C1, Trp53, 20.13, , 
2202, UNKN, 24hrs C1, Trp53, 20.02, , 
2203, UNKN, 3 Days B4, Trp53, 20.27, , 
2204, UNKN, 3 Days B4, Trp53, 20.34, , 
2205, UNKN, 3 Days B4, Trp53, 20.20, , 
2206, UNKN, 3 Days D2, Trp53, 20.62, , 
2207, UNKN, 3 Days D2, Trp53, 20.76, , 
2208, UNKN, 3 Days D2, Trp53, 20.80, , 
2209, UNKN, 6hrs A3, Ucp2, 21.39, , 
2210, UNKN, 6hrs A3, Ucp2, 21.86, , 
2211, UNKN, 6hrs A3, Ucp2, 21.62, , 
2212, UNKN, 24hrs A4, Ucp2, 20.62, , 
2213, UNKN, 24hrs A4, Ucp2, 20.38, , 
2214, UNKN, 24hrs A4, Ucp2, 20.42, , 
2215, UNKN, 8 Days D4, Ucp2, 20.50, , 
2216, UNKN, 8 Days D4, Ucp2, 20.37, , 
2217, UNKN, 8 Days D4, Ucp2, 20.62, , 
2218, UNKN, 8 Days B1, Ucp2, 19.88, , 
2219, UNKN, 8 Days B1, Ucp2, 19.77, , 
2220, UNKN, 8 Days B1, Ucp2, 19.76, , 
2221, UNKN, 3 Days A1, Ucp2, 20.11, , 
2222, UNKN, 3 Days A1, Ucp2, 20.52, , 
2223, UNKN, 3 Days A1, Ucp2, 20.54, , 
2224, UNKN, 24hrs B2, Ucp2, 17.46, , 
2225, UNKN, 24hrs B2, Ucp2, 17.75, , 
2226, UNKN, 24hrs B2, Ucp2, 17.98, , 
2227, UNKN, 6hrs D2, Ucp2, 17.13, , 
2228, UNKN, 6hrs D2, Ucp2, 17.08, , 
2229, UNKN, 6hrs D2, Ucp2, 17.35, , 
2230, UNKN, Water, Ucp2, , , 1
2231, UNKN, Water, Ucp2, 11.59, , 
2232, UNKN, Water, Ucp2, 10.53, , 
2233, UNKN, 3 Days C3, Ucp2, 20.91, , 
2234, UNKN, 3 Days C3, Ucp2, 20.95, , 
2235, UNKN, 3 Days C3, Ucp2, 20.80, , 
2236, UNKN, 8 Days C2, Ucp2, 18.88, , 
2237, UNKN, 8 Days C2, Ucp2, 19.17, , 
2238, UNKN, 8 Days C2, Ucp2, 19.40, , 
2239, UNKN, 6hrs B4, Ucp2, 19.89, , 
2240, UNKN, 6hrs B4, Ucp2, 19.84, , 
2241, UNKN, 6hrs B4, Ucp2, 19.98, , 
2242, UNKN, 6hrs C2, Ucp2, 18.69, , 
2243, UNKN, 6hrs C2, Ucp2, 18.91, , 
2244, UNKN, 6hrs C2, Ucp2, 18.87, , 
2245, UNKN, 24hrs D1, Ucp2, 20.70, , 
2246, UNKN, 24hrs D1, Ucp2, 20.62, , 
2247, UNKN, 24hrs D1, Ucp2, 20.32, , 
2248, UNKN, 24hrs C1, Ucp2, 20.69, , 
2249, UNKN, 24hrs C1, Ucp2, 21.13, , 
2250, UNKN, 24hrs C1, Ucp2, 20.72, , 
2251, UNKN, 3 Days B4, Ucp2, 18.54, , 
2252, UNKN, 3 Days B4, Ucp2, 18.73, , 
2253, UNKN, 3 Days B4, Ucp2, 18.59, , 
2254, UNKN, 3 Days D2, Ucp2, 19.76, , 
2255, UNKN, 3 Days D2, Ucp2, 19.99, , 
2256, UNKN, 3 Days D2, Ucp2, 19.77, , 
2257, UNKN, 6hrs A3, Vegfa, 36.68, , 
2258, UNKN, 6hrs A3, Vegfa, 36.80, , 
2259, UNKN, 6hrs A3, Vegfa, 36.83, , 
2260, UNKN, 24hrs A4, Vegfa, 34.27, , 
2261, UNKN, 24hrs A4, Vegfa, 33.79, , 
2262, UNKN, 24hrs A4, Vegfa, 34.14, , 
2263, UNKN, 8 Days D4, Vegfa, 34.85, , 
2264, UNKN, 8 Days D4, Vegfa, 35.32, , 
2265, UNKN, 8 Days D4, Vegfa, 36.78, , 
2266, UNKN, 8 Days B1, Vegfa, 35.30, , 
2267, UNKN, 8 Days B1, Vegfa, 34.86, , 
2268, UNKN, 8 Days B1, Vegfa, 35.02, , 
2269, UNKN, 3 Days A1, Vegfa, 35.38, , 
2270, UNKN, 3 Days A1, Vegfa, 35.51, , 
2271, UNKN, 3 Days A1, Vegfa, 34.12, , 
2272, UNKN, 24hrs B2, Vegfa, 33.02, , 
2273, UNKN, 24hrs B2, Vegfa, 32.94, , 
2274, UNKN, 24hrs B2, Vegfa, 32.04, , 
2275, UNKN, 6hrs D2, Vegfa, 33.25, , 
2276, UNKN, 6hrs D2, Vegfa, 34.35, , 
2277, UNKN, 6hrs D2, Vegfa, 33.24, , 
2278, UNKN, Water, Vegfa, , , 1
2279, UNKN, Water, Vegfa, , , 1
2280, UNKN, Water, Vegfa, , , 1
2281, UNKN, 3 Days C3, Vegfa, 37.00, , 
2282, UNKN, 3 Days C3, Vegfa, 34.82, , 
2283, UNKN, 3 Days C3, Vegfa, 34.97, , 
2284, UNKN, 8 Days C2, Vegfa, 34.19, , 
2285, UNKN, 8 Days C2, Vegfa, 35.25, , 
2286, UNKN, 8 Days C2, Vegfa, 33.47, , 
2287, UNKN, 6hrs B4, Vegfa, 34.78, , 
2288, UNKN, 6hrs B4, Vegfa, 35.59, , 
2289, UNKN, 6hrs B4, Vegfa, 33.97, , 
2290, UNKN, 6hrs C2, Vegfa, 33.67, , 
2291, UNKN, 6hrs C2, Vegfa, 33.29, , 
2292, UNKN, 6hrs C2, Vegfa, 32.83, , 
2293, UNKN, 24hrs D1, Vegfa, , , 1
2294, UNKN, 24hrs D1, Vegfa, , , 1
2295, UNKN, 24hrs D1, Vegfa, 37.99, , 
2296, UNKN, 24hrs C1, Vegfa, 33.99, , 
2297, UNKN, 24hrs C1, Vegfa, 34.64, , 
2298, UNKN, 24hrs C1, Vegfa, 34.50, , 
2299, UNKN, 3 Days B4, Vegfa, 35.44, , 
2300, UNKN, 3 Days B4, Vegfa, 34.74, , 
2301, UNKN, 3 Days B4, Vegfa, 35.58, , 
2302, UNKN, 3 Days D2, Vegfa, 34.47, , 
2303, UNKN, 3 Days D2, Vegfa, 34.90, , 
2304, UNKN, 3 Days D2, Vegfa, 35.21, , 
